reading_id,soil_moisture_%,temperature_C,humidity_%,irrigation_need_score,ml_suggestion,label_source
READ0001,61.95,28.31,70.77,0.1514,Do Not Irrigate,"Synthetic label derived from temperature, soil moisture and humidity"
READ0002,51.72,27.83,81.95,0.2211,Do Not Irrigate,"Synthetic label derived from temperature, soil moisture and humidity"
READ0003,48.43,31.71,57.44,0.3266,Irrigate,"Synthetic label derived from temperature, soil moisture and humidity"
READ0004,58.39,19.43,42.3,0.1534,Do Not Irrigate,"Synthetic label derived from temperature, soil moisture and humidity"
READ0005,40.82,30.57,52.1,0.3814,Irrigate,"Synthetic label derived from temperature, soil moisture and humidity"
READ0006,75.52,27.87,63.81,0.0446,Do Not Irrigate,"Synthetic label derived from temperature, soil moisture and humidity"
READ0007,47.38,29.55,49.19,0.3581,Irrigate,"Synthetic label derived from temperature, soil moisture and humidity"
READ0008,46.59,27.54,55.78,0.3632,Irrigate,"Synthetic label derived from temperature, soil moisture and humidity"
READ0009,54.81,23.71,72.87,0.0809,Do Not Irrigate,"Synthetic label derived from temperature, soil moisture and humidity"
READ0010,57.92,19.2,47.06,0.1669,Do Not Irrigate,"Synthetic label derived from temperature, soil moisture and humidity"
READ0011,65.34,29.86,61.61,0.1125,Do Not Irrigate,"Synthetic label derived from temperature, soil moisture and humidity"
READ0012,34.3,25.4,57.47,0.4387,Irrigate,"Synthetic label derived from temperature, soil moisture and humidity"
READ0013,59.81,20.18,66.89,0.0694,Do Not Irrigate,"Synthetic label derived from temperature, soil moisture and humidity"
READ0014,45.52,32.06,75.37,0.3523,Irrigate,"Synthetic label derived from temperature, soil moisture and humidity"
READ0015,43.25,27.45,66.98,0.3386,Irrigate,"Synthetic label derived from temperature, soil moisture and humidity"
READ0016,48.29,28.07,49.72,0.2788,Irrigate,"Synthetic label derived from temperature, soil moisture and humidity"
READ0017,66.38,35.78,62.14,0.2323,Do Not Irrigate,"Synthetic label derived from temperature, soil moisture and humidity"
READ0018,60.06,25.77,67.34,0.1476,Do Not Irrigate,"Synthetic label derived from temperature, soil moisture and humidity"
READ0019,54.5,36.82,31.56,0.4476,Irrigate,"Synthetic label derived from temperature, soil moisture and humidity"
READ0020,56.22,27.5,64.1,0.1175,Do Not Irrigate,"Synthetic label derived from temperature, soil moisture and humidity"
READ0021,51.92,30.79,80.73,0.2213,Do Not Irrigate,"Synthetic label derived from temperature, soil moisture and humidity"
READ0022,43.68,26.49,73.98,0.2801,Irrigate,"Synthetic label derived from temperature, soil moisture and humidity"
READ0023,47.58,31.57,64.16,0.3567,Irrigate,"Synthetic label derived from temperature, soil moisture and humidity"
READ0024,45.17,27.36,58.29,0.2692,Irrigate,"Synthetic label derived from temperature, soil moisture and humidity"
READ0025,59.15,30.31,63.06,0.1802,Do Not Irrigate,"Synthetic label derived from temperature, soil moisture and humidity"
READ0026,35.18,26.9,58.89,0.3898,Irrigate,"Synthetic label derived from temperature, soil moisture and humidity"
READ0027,52.74,31.02,85.63,0.2365,Do Not Irrigate,"Synthetic label derived from temperature, soil moisture and humidity"
READ0028,58.61,28.63,39.97,0.2383,Do Not Irrigate,"Synthetic label derived from temperature, soil moisture and humidity"
READ0029,55.84,41.32,60.69,0.3924,Irrigate,"Synthetic label derived from temperature, soil moisture and humidity"
READ0030,54.51,23.16,76.71,0.137,Do Not Irrigate,"Synthetic label derived from temperature, soil moisture and humidity"
READ0031,66.07,24.45,79.83,0.0,Do Not Irrigate,"Synthetic label derived from temperature, soil moisture and humidity"
READ0032,63.22,39.95,51.11,0.2957,Irrigate,"Synthetic label derived from temperature, soil moisture and humidity"
READ0033,56.4,26.48,44.39,0.2222,Do Not Irrigate,"Synthetic label derived from temperature, soil moisture and humidity"
READ0034,40.13,31.37,51.97,0.4893,Irrigate,"Synthetic label derived from temperature, soil moisture and humidity"
READ0035,44.03,27.39,72.76,0.2456,Do Not Irrigate,"Synthetic label derived from temperature, soil moisture and humidity"
READ0036,58.18,35.54,43.71,0.334,Irrigate,"Synthetic label derived from temperature, soil moisture and humidity"
READ0037,58.64,32.91,48.16,0.2341,Do Not Irrigate,"Synthetic label derived from temperature, soil moisture and humidity"
READ0038,62.31,30.48,66.01,0.1568,Do Not Irrigate,"Synthetic label derived from temperature, soil moisture and humidity"
READ0039,45.48,30.16,66.52,0.3025,Irrigate,"Synthetic label derived from temperature, soil moisture and humidity"
READ0040,81.12,31.37,48.7,0.2009,Do Not Irrigate,"Synthetic label derived from temperature, soil moisture and humidity"
READ0041,41.35,32.94,76.9,0.3574,Irrigate,"Synthetic label derived from temperature, soil moisture and humidity"
READ0042,68.49,31.06,72.86,0.1614,Do Not Irrigate,"Synthetic label derived from temperature, soil moisture and humidity"
READ0043,51.56,25.23,52.33,0.2072,Do Not Irrigate,"Synthetic label derived from temperature, soil moisture and humidity"
READ0044,53.92,30.71,66.32,0.2649,Irrigate,"Synthetic label derived from temperature, soil moisture and humidity"
READ0045,55.18,36.27,59.82,0.4046,Irrigate,"Synthetic label derived from temperature, soil moisture and humidity"
READ0046,63.76,24.71,50.15,0.1125,Do Not Irrigate,"Synthetic label derived from temperature, soil moisture and humidity"
READ0047,51.87,32.57,68.68,0.279,Irrigate,"Synthetic label derived from temperature, soil moisture and humidity"
READ0048,43.14,21.43,57.64,0.3162,Irrigate,"Synthetic label derived from temperature, soil moisture and humidity"
READ0049,58.0,22.77,65.08,0.1177,Do Not Irrigate,"Synthetic label derived from temperature, soil moisture and humidity"
READ0050,42.63,29.77,63.7,0.3238,Irrigate,"Synthetic label derived from temperature, soil moisture and humidity"
READ0051,60.01,31.8,76.0,0.1944,Do Not Irrigate,"Synthetic label derived from temperature, soil moisture and humidity"
READ0052,35.71,24.31,69.18,0.3567,Irrigate,"Synthetic label derived from temperature, soil moisture and humidity"
READ0053,62.21,42.0,69.85,0.3299,Irrigate,"Synthetic label derived from temperature, soil moisture and humidity"
READ0054,68.36,32.26,59.22,0.1848,Do Not Irrigate,"Synthetic label derived from temperature, soil moisture and humidity"
READ0055,44.18,27.82,57.18,0.3361,Irrigate,"Synthetic label derived from temperature, soil moisture and humidity"
READ0056,87.41,19.66,71.24,0.0,Do Not Irrigate,"Synthetic label derived from temperature, soil moisture and humidity"
READ0057,48.39,34.44,63.77,0.3276,Irrigate,"Synthetic label derived from temperature, soil moisture and humidity"
READ0058,44.99,32.4,54.24,0.4038,Irrigate,"Synthetic label derived from temperature, soil moisture and humidity"
READ0059,55.64,25.74,88.73,0.1453,Do Not Irrigate,"Synthetic label derived from temperature, soil moisture and humidity"
READ0060,26.65,29.93,55.06,0.5862,Irrigate,"Synthetic label derived from temperature, soil moisture and humidity"
READ0061,43.9,28.43,69.06,0.3354,Irrigate,"Synthetic label derived from temperature, soil moisture and humidity"
READ0062,38.2,27.33,57.3,0.3721,Irrigate,"Synthetic label derived from temperature, soil moisture and humidity"
READ0063,79.72,31.02,47.87,0.2065,Do Not Irrigate,"Synthetic label derived from temperature, soil moisture and humidity"
READ0064,84.71,34.16,44.77,0.2173,Do Not Irrigate,"Synthetic label derived from temperature, soil moisture and humidity"
READ0065,72.74,25.46,68.33,0.0636,Do Not Irrigate,"Synthetic label derived from temperature, soil moisture and humidity"
READ0066,42.02,28.7,25.0,0.4352,Irrigate,"Synthetic label derived from temperature, soil moisture and humidity"
READ0067,51.46,22.76,82.59,0.1048,Do Not Irrigate,"Synthetic label derived from temperature, soil moisture and humidity"
READ0068,48.84,29.65,80.3,0.2117,Do Not Irrigate,"Synthetic label derived from temperature, soil moisture and humidity"
READ0069,71.28,29.05,51.22,0.1554,Do Not Irrigate,"Synthetic label derived from temperature, soil moisture and humidity"
READ0070,57.79,26.0,63.84,0.1284,Do Not Irrigate,"Synthetic label derived from temperature, soil moisture and humidity"
READ0071,56.59,32.31,82.03,0.17,Do Not Irrigate,"Synthetic label derived from temperature, soil moisture and humidity"
READ0072,84.86,19.24,61.18,0.0591,Do Not Irrigate,"Synthetic label derived from temperature, soil moisture and humidity"
READ0073,58.93,25.89,60.5,0.1211,Do Not Irrigate,"Synthetic label derived from temperature, soil moisture and humidity"
READ0074,46.75,33.25,67.28,0.3299,Irrigate,"Synthetic label derived from temperature, soil moisture and humidity"
READ0075,67.59,30.54,72.75,0.1164,Do Not Irrigate,"Synthetic label derived from temperature, soil moisture and humidity"
READ0076,43.39,26.2,71.97,0.2937,Irrigate,"Synthetic label derived from temperature, soil moisture and humidity"
READ0077,54.71,29.59,78.33,0.1721,Do Not Irrigate,"Synthetic label derived from temperature, soil moisture and humidity"
READ0078,62.66,27.99,60.39,0.1577,Do Not Irrigate,"Synthetic label derived from temperature, soil moisture and humidity"
READ0079,66.56,33.07,78.67,0.1266,Do Not Irrigate,"Synthetic label derived from temperature, soil moisture and humidity"
READ0080,64.55,27.45,66.89,0.0733,Do Not Irrigate,"Synthetic label derived from temperature, soil moisture and humidity"
READ0081,56.36,31.98,53.18,0.3333,Irrigate,"Synthetic label derived from temperature, soil moisture and humidity"
READ0082,40.92,22.93,76.9,0.2865,Irrigate,"Synthetic label derived from temperature, soil moisture and humidity"
READ0083,63.74,32.14,62.85,0.1364,Do Not Irrigate,"Synthetic label derived from temperature, soil moisture and humidity"
READ0084,56.06,25.61,74.7,0.1164,Do Not Irrigate,"Synthetic label derived from temperature, soil moisture and humidity"
READ0085,43.44,27.39,67.96,0.2865,Irrigate,"Synthetic label derived from temperature, soil moisture and humidity"
READ0086,43.49,30.22,65.94,0.333,Irrigate,"Synthetic label derived from temperature, soil moisture and humidity"
READ0087,48.41,30.16,45.62,0.3125,Irrigate,"Synthetic label derived from temperature, soil moisture and humidity"
READ0088,44.94,27.93,66.73,0.3425,Irrigate,"Synthetic label derived from temperature, soil moisture and humidity"
READ0089,67.01,28.2,62.77,0.0649,Do Not Irrigate,"Synthetic label derived from temperature, soil moisture and humidity"
READ0090,54.74,27.56,66.87,0.1609,Do Not Irrigate,"Synthetic label derived from temperature, soil moisture and humidity"
READ0091,62.27,36.66,61.69,0.2576,Do Not Irrigate,"Synthetic label derived from temperature, soil moisture and humidity"
READ0092,64.66,26.99,65.69,0.0736,Do Not Irrigate,"Synthetic label derived from temperature, soil moisture and humidity"
READ0093,56.37,25.13,63.29,0.16,Do Not Irrigate,"Synthetic label derived from temperature, soil moisture and humidity"
READ0094,75.32,33.8,88.84,0.113,Do Not Irrigate,"Synthetic label derived from temperature, soil moisture and humidity"
READ0095,67.21,29.92,89.28,0.0579,Do Not Irrigate,"Synthetic label derived from temperature, soil moisture and humidity"
READ0096,43.24,26.0,37.51,0.3618,Irrigate,"Synthetic label derived from temperature, soil moisture and humidity"
READ0097,44.37,29.75,67.1,0.3849,Irrigate,"Synthetic label derived from temperature, soil moisture and humidity"
READ0098,68.31,26.12,52.22,0.1125,Do Not Irrigate,"Synthetic label derived from temperature, soil moisture and humidity"
READ0099,36.52,38.16,77.15,0.4933,Irrigate,"Synthetic label derived from temperature, soil moisture and humidity"
READ0100,31.02,35.77,61.63,0.6115,Irrigate,"Synthetic label derived from temperature, soil moisture and humidity"
READ0101,32.68,26.0,63.06,0.4176,Irrigate,"Synthetic label derived from temperature, soil moisture and humidity"
READ0102,48.7,32.11,50.19,0.3607,Irrigate,"Synthetic label derived from temperature, soil moisture and humidity"
READ0103,56.68,31.57,71.54,0.1725,Do Not Irrigate,"Synthetic label derived from temperature, soil moisture and humidity"
READ0104,33.52,35.39,66.99,0.5031,Irrigate,"Synthetic label derived from temperature, soil moisture and humidity"
READ0105,76.72,29.58,77.15,0.0795,Do Not Irrigate,"Synthetic label derived from temperature, soil moisture and humidity"
READ0106,83.85,37.78,60.01,0.2655,Irrigate,"Synthetic label derived from temperature, soil moisture and humidity"
READ0107,64.04,35.84,51.42,0.2663,Irrigate,"Synthetic label derived from temperature, soil moisture and humidity"
READ0108,69.82,20.21,48.8,0.0174,Do Not Irrigate,"Synthetic label derived from temperature, soil moisture and humidity"
READ0109,51.23,32.59,81.03,0.2717,Irrigate,"Synthetic label derived from temperature, soil moisture and humidity"
READ0110,77.8,22.1,42.56,0.0957,Do Not Irrigate,"Synthetic label derived from temperature, soil moisture and humidity"
READ0111,60.38,28.84,38.19,0.2254,Do Not Irrigate,"Synthetic label derived from temperature, soil moisture and humidity"
READ0112,36.74,32.35,67.4,0.4189,Irrigate,"Synthetic label derived from temperature, soil moisture and humidity"
READ0113,47.81,23.7,62.25,0.2545,Do Not Irrigate,"Synthetic label derived from temperature, soil moisture and humidity"
READ0114,41.2,31.52,56.64,0.3954,Irrigate,"Synthetic label derived from temperature, soil moisture and humidity"
READ0115,53.5,23.82,56.36,0.1454,Do Not Irrigate,"Synthetic label derived from temperature, soil moisture and humidity"
READ0116,82.51,29.18,54.6,0.1395,Do Not Irrigate,"Synthetic label derived from temperature, soil moisture and humidity"
READ0117,53.43,27.9,70.37,0.217,Do Not Irrigate,"Synthetic label derived from temperature, soil moisture and humidity"
READ0118,47.57,26.12,59.7,0.1964,Do Not Irrigate,"Synthetic label derived from temperature, soil moisture and humidity"
READ0119,33.79,35.83,82.74,0.4974,Irrigate,"Synthetic label derived from temperature, soil moisture and humidity"
READ0120,63.07,30.56,95.0,0.1457,Do Not Irrigate,"Synthetic label derived from temperature, soil moisture and humidity"
READ0121,53.21,24.22,43.72,0.2317,Do Not Irrigate,"Synthetic label derived from temperature, soil moisture and humidity"
READ0122,44.41,21.89,55.24,0.2514,Do Not Irrigate,"Synthetic label derived from temperature, soil moisture and humidity"
READ0123,78.62,33.41,62.9,0.2114,Do Not Irrigate,"Synthetic label derived from temperature, soil moisture and humidity"
READ0124,56.08,24.69,81.28,0.1231,Do Not Irrigate,"Synthetic label derived from temperature, soil moisture and humidity"
READ0125,40.48,28.05,52.49,0.3498,Irrigate,"Synthetic label derived from temperature, soil moisture and humidity"
READ0126,67.97,38.55,46.22,0.3053,Irrigate,"Synthetic label derived from temperature, soil moisture and humidity"
READ0127,45.89,26.56,55.89,0.2755,Irrigate,"Synthetic label derived from temperature, soil moisture and humidity"
READ0128,55.68,24.85,66.25,0.1382,Do Not Irrigate,"Synthetic label derived from temperature, soil moisture and humidity"
READ0129,51.65,24.46,56.08,0.2314,Do Not Irrigate,"Synthetic label derived from temperature, soil moisture and humidity"
READ0130,62.01,24.11,64.19,0.0891,Do Not Irrigate,"Synthetic label derived from temperature, soil moisture and humidity"
READ0131,31.63,31.72,55.05,0.5482,Irrigate,"Synthetic label derived from temperature, soil moisture and humidity"
READ0132,44.31,19.98,43.47,0.3217,Irrigate,"Synthetic label derived from temperature, soil moisture and humidity"
READ0133,58.64,24.48,70.66,0.0392,Do Not Irrigate,"Synthetic label derived from temperature, soil moisture and humidity"
READ0134,54.07,22.94,55.18,0.1801,Do Not Irrigate,"Synthetic label derived from temperature, soil moisture and humidity"
READ0135,42.95,27.08,75.08,0.2659,Irrigate,"Synthetic label derived from temperature, soil moisture and humidity"
READ0136,66.7,23.35,69.36,0.0602,Do Not Irrigate,"Synthetic label derived from temperature, soil moisture and humidity"
READ0137,20.4,25.02,69.92,0.5098,Irrigate,"Synthetic label derived from temperature, soil moisture and humidity"
READ0138,60.2,25.98,64.04,0.1081,Do Not Irrigate,"Synthetic label derived from temperature, soil moisture and humidity"
READ0139,71.35,30.27,67.05,0.0986,Do Not Irrigate,"Synthetic label derived from temperature, soil moisture and humidity"
READ0140,48.17,26.84,67.73,0.2321,Do Not Irrigate,"Synthetic label derived from temperature, soil moisture and humidity"
READ0141,59.06,39.38,73.45,0.2733,Irrigate,"Synthetic label derived from temperature, soil moisture and humidity"
READ0142,71.82,26.96,38.54,0.1202,Do Not Irrigate,"Synthetic label derived from temperature, soil moisture and humidity"
READ0143,28.81,27.24,63.22,0.5255,Irrigate,"Synthetic label derived from temperature, soil moisture and humidity"
READ0144,59.58,27.9,72.95,0.0532,Do Not Irrigate,"Synthetic label derived from temperature, soil moisture and humidity"
READ0145,58.3,32.85,45.26,0.3196,Irrigate,"Synthetic label derived from temperature, soil moisture and humidity"
READ0146,59.74,26.92,70.59,0.1793,Do Not Irrigate,"Synthetic label derived from temperature, soil moisture and humidity"
READ0147,57.55,30.24,57.49,0.195,Do Not Irrigate,"Synthetic label derived from temperature, soil moisture and humidity"
READ0148,66.62,24.72,63.86,0.0291,Do Not Irrigate,"Synthetic label derived from temperature, soil moisture and humidity"
READ0149,61.71,30.67,75.45,0.1133,Do Not Irrigate,"Synthetic label derived from temperature, soil moisture and humidity"
READ0150,51.22,24.11,57.67,0.2151,Do Not Irrigate,"Synthetic label derived from temperature, soil moisture and humidity"
READ0151,65.6,24.39,73.44,0.0508,Do Not Irrigate,"Synthetic label derived from temperature, soil moisture and humidity"
READ0152,60.79,38.38,53.71,0.2722,Irrigate,"Synthetic label derived from temperature, soil moisture and humidity"
READ0153,30.1,36.48,70.85,0.5649,Irrigate,"Synthetic label derived from temperature, soil moisture and humidity"
READ0154,58.92,23.37,92.35,0.0702,Do Not Irrigate,"Synthetic label derived from temperature, soil moisture and humidity"
READ0155,56.53,32.63,68.77,0.2376,Do Not Irrigate,"Synthetic label derived from temperature, soil moisture and humidity"
READ0156,43.93,31.36,85.58,0.3724,Irrigate,"Synthetic label derived from temperature, soil moisture and humidity"
READ0157,77.3,26.44,51.12,0.1018,Do Not Irrigate,"Synthetic label derived from temperature, soil moisture and humidity"
READ0158,55.78,34.47,42.69,0.3888,Irrigate,"Synthetic label derived from temperature, soil moisture and humidity"
READ0159,52.79,26.87,50.85,0.1958,Do Not Irrigate,"Synthetic label derived from temperature, soil moisture and humidity"
READ0160,66.52,29.37,47.52,0.1181,Do Not Irrigate,"Synthetic label derived from temperature, soil moisture and humidity"
READ0161,50.3,37.35,59.88,0.346,Irrigate,"Synthetic label derived from temperature, soil moisture and humidity"
READ0162,51.56,27.64,30.64,0.3286,Irrigate,"Synthetic label derived from temperature, soil moisture and humidity"
READ0163,51.77,32.48,85.19,0.2959,Irrigate,"Synthetic label derived from temperature, soil moisture and humidity"
READ0164,51.24,23.47,93.88,0.1519,Do Not Irrigate,"Synthetic label derived from temperature, soil moisture and humidity"
READ0165,55.2,28.88,65.38,0.1993,Do Not Irrigate,"Synthetic label derived from temperature, soil moisture and humidity"
READ0166,46.97,26.27,62.61,0.249,Do Not Irrigate,"Synthetic label derived from temperature, soil moisture and humidity"
READ0167,45.02,29.53,59.94,0.3851,Irrigate,"Synthetic label derived from temperature, soil moisture and humidity"
READ0168,17.89,34.46,77.95,0.597,Irrigate,"Synthetic label derived from temperature, soil moisture and humidity"
READ0169,50.2,27.14,46.11,0.2684,Irrigate,"Synthetic label derived from temperature, soil moisture and humidity"
READ0170,39.45,37.76,74.23,0.5103,Irrigate,"Synthetic label derived from temperature, soil moisture and humidity"
READ0171,65.1,23.35,56.71,0.0696,Do Not Irrigate,"Synthetic label derived from temperature, soil moisture and humidity"
READ0172,37.89,32.56,60.12,0.4481,Irrigate,"Synthetic label derived from temperature, soil moisture and humidity"
READ0173,64.95,31.22,58.67,0.1846,Do Not Irrigate,"Synthetic label derived from temperature, soil moisture and humidity"
READ0174,39.87,32.08,70.12,0.3918,Irrigate,"Synthetic label derived from temperature, soil moisture and humidity"
READ0175,59.57,22.74,74.09,0.0565,Do Not Irrigate,"Synthetic label derived from temperature, soil moisture and humidity"
READ0176,47.68,34.25,54.55,0.3503,Irrigate,"Synthetic label derived from temperature, soil moisture and humidity"
READ0177,33.21,32.03,47.63,0.5931,Irrigate,"Synthetic label derived from temperature, soil moisture and humidity"
READ0178,25.85,37.48,65.53,0.6398,Irrigate,"Synthetic label derived from temperature, soil moisture and humidity"
READ0179,47.37,31.0,62.55,0.3599,Irrigate,"Synthetic label derived from temperature, soil moisture and humidity"
READ0180,56.6,29.75,58.64,0.2189,Do Not Irrigate,"Synthetic label derived from temperature, soil moisture and humidity"
READ0181,59.31,20.45,46.82,0.1689,Do Not Irrigate,"Synthetic label derived from temperature, soil moisture and humidity"
READ0182,57.39,28.08,63.22,0.1854,Do Not Irrigate,"Synthetic label derived from temperature, soil moisture and humidity"
READ0183,47.44,25.11,65.35,0.2065,Do Not Irrigate,"Synthetic label derived from temperature, soil moisture and humidity"
READ0184,60.72,20.49,75.35,0.0609,Do Not Irrigate,"Synthetic label derived from temperature, soil moisture and humidity"
READ0185,58.58,33.91,82.99,0.2381,Do Not Irrigate,"Synthetic label derived from temperature, soil moisture and humidity"
READ0186,29.23,22.6,55.5,0.4495,Irrigate,"Synthetic label derived from temperature, soil moisture and humidity"
READ0187,62.25,25.37,65.24,0.0557,Do Not Irrigate,"Synthetic label derived from temperature, soil moisture and humidity"
READ0188,46.44,21.97,51.92,0.2312,Do Not Irrigate,"Synthetic label derived from temperature, soil moisture and humidity"
READ0189,41.34,34.27,51.61,0.5499,Irrigate,"Synthetic label derived from temperature, soil moisture and humidity"
READ0190,61.91,29.92,52.7,0.2039,Do Not Irrigate,"Synthetic label derived from temperature, soil moisture and humidity"
READ0191,46.94,29.61,93.72,0.272,Irrigate,"Synthetic label derived from temperature, soil moisture and humidity"
READ0192,71.09,25.48,62.58,0.111,Do Not Irrigate,"Synthetic label derived from temperature, soil moisture and humidity"
READ0193,46.22,38.06,71.49,0.3938,Irrigate,"Synthetic label derived from temperature, soil moisture and humidity"
READ0194,63.85,33.86,70.46,0.116,Do Not Irrigate,"Synthetic label derived from temperature, soil moisture and humidity"
READ0195,44.82,27.76,62.11,0.3297,Irrigate,"Synthetic label derived from temperature, soil moisture and humidity"
READ0196,57.49,22.32,67.56,0.1226,Do Not Irrigate,"Synthetic label derived from temperature, soil moisture and humidity"
READ0197,62.84,34.4,73.01,0.1878,Do Not Irrigate,"Synthetic label derived from temperature, soil moisture and humidity"
READ0198,54.02,20.7,68.16,0.1466,Do Not Irrigate,"Synthetic label derived from temperature, soil moisture and humidity"
READ0199,58.8,22.62,50.03,0.1741,Do Not Irrigate,"Synthetic label derived from temperature, soil moisture and humidity"
READ0200,54.45,32.41,63.34,0.2678,Irrigate,"Synthetic label derived from temperature, soil moisture and humidity"
READ0201,68.14,26.42,64.15,0.0523,Do Not Irrigate,"Synthetic label derived from temperature, soil moisture and humidity"
READ0202,48.92,27.45,65.67,0.2371,Do Not Irrigate,"Synthetic label derived from temperature, soil moisture and humidity"
READ0203,72.58,24.53,60.76,0.0369,Do Not Irrigate,"Synthetic label derived from temperature, soil moisture and humidity"
READ0204,75.26,29.98,75.38,0.0385,Do Not Irrigate,"Synthetic label derived from temperature, soil moisture and humidity"
READ0205,58.74,33.45,63.99,0.2645,Irrigate,"Synthetic label derived from temperature, soil moisture and humidity"
READ0206,47.76,36.05,90.59,0.3445,Irrigate,"Synthetic label derived from temperature, soil moisture and humidity"
READ0207,48.76,36.27,81.95,0.3318,Irrigate,"Synthetic label derived from temperature, soil moisture and humidity"
READ0208,49.12,27.59,46.87,0.28,Irrigate,"Synthetic label derived from temperature, soil moisture and humidity"
READ0209,40.94,25.16,62.58,0.3229,Irrigate,"Synthetic label derived from temperature, soil moisture and humidity"
READ0210,76.71,24.01,74.81,0.0,Do Not Irrigate,"Synthetic label derived from temperature, soil moisture and humidity"
READ0211,54.31,32.37,49.53,0.3208,Irrigate,"Synthetic label derived from temperature, soil moisture and humidity"
READ0212,57.33,31.46,66.47,0.2866,Irrigate,"Synthetic label derived from temperature, soil moisture and humidity"
READ0213,46.07,26.35,55.52,0.2808,Irrigate,"Synthetic label derived from temperature, soil moisture and humidity"
READ0214,46.08,34.95,80.05,0.3413,Irrigate,"Synthetic label derived from temperature, soil moisture and humidity"
READ0215,43.35,31.36,56.37,0.4133,Irrigate,"Synthetic label derived from temperature, soil moisture and humidity"
READ0216,57.84,21.42,81.57,0.132,Do Not Irrigate,"Synthetic label derived from temperature, soil moisture and humidity"
READ0217,46.42,27.06,66.43,0.2809,Irrigate,"Synthetic label derived from temperature, soil moisture and humidity"
READ0218,64.22,39.05,60.88,0.236,Do Not Irrigate,"Synthetic label derived from temperature, soil moisture and humidity"
READ0219,35.69,25.35,62.6,0.4295,Irrigate,"Synthetic label derived from temperature, soil moisture and humidity"
READ0220,47.75,30.12,62.8,0.3454,Irrigate,"Synthetic label derived from temperature, soil moisture and humidity"
READ0221,90.38,26.35,57.13,0.1175,Do Not Irrigate,"Synthetic label derived from temperature, soil moisture and humidity"
READ0222,64.55,38.23,70.01,0.2068,Do Not Irrigate,"Synthetic label derived from temperature, soil moisture and humidity"
READ0223,63.27,34.54,72.85,0.187,Do Not Irrigate,"Synthetic label derived from temperature, soil moisture and humidity"
READ0224,69.93,34.85,79.59,0.1701,Do Not Irrigate,"Synthetic label derived from temperature, soil moisture and humidity"
READ0225,52.66,29.73,77.48,0.1897,Do Not Irrigate,"Synthetic label derived from temperature, soil moisture and humidity"
READ0226,60.16,27.03,63.34,0.1682,Do Not Irrigate,"Synthetic label derived from temperature, soil moisture and humidity"
READ0227,57.68,29.23,46.68,0.2599,Do Not Irrigate,"Synthetic label derived from temperature, soil moisture and humidity"
READ0228,64.04,39.82,59.31,0.2838,Irrigate,"Synthetic label derived from temperature, soil moisture and humidity"
READ0229,58.49,36.89,61.86,0.2978,Irrigate,"Synthetic label derived from temperature, soil moisture and humidity"
READ0230,63.51,29.93,57.64,0.1565,Do Not Irrigate,"Synthetic label derived from temperature, soil moisture and humidity"
READ0231,70.03,23.87,64.6,0.0102,Do Not Irrigate,"Synthetic label derived from temperature, soil moisture and humidity"
READ0232,71.73,21.38,56.29,0.0674,Do Not Irrigate,"Synthetic label derived from temperature, soil moisture and humidity"
READ0233,76.92,28.67,56.34,0.1773,Do Not Irrigate,"Synthetic label derived from temperature, soil moisture and humidity"
READ0234,34.73,18.01,68.28,0.3353,Irrigate,"Synthetic label derived from temperature, soil moisture and humidity"
READ0235,40.7,32.54,65.93,0.394,Irrigate,"Synthetic label derived from temperature, soil moisture and humidity"
READ0236,37.08,33.36,70.8,0.4443,Irrigate,"Synthetic label derived from temperature, soil moisture and humidity"
READ0237,80.85,23.65,44.69,0.0702,Do Not Irrigate,"Synthetic label derived from temperature, soil moisture and humidity"
READ0238,54.36,30.22,60.11,0.2576,Do Not Irrigate,"Synthetic label derived from temperature, soil moisture and humidity"
READ0239,37.48,36.22,62.01,0.5424,Irrigate,"Synthetic label derived from temperature, soil moisture and humidity"
READ0240,59.8,31.28,69.84,0.1868,Do Not Irrigate,"Synthetic label derived from temperature, soil moisture and humidity"
READ0241,64.0,35.65,65.36,0.2229,Do Not Irrigate,"Synthetic label derived from temperature, soil moisture and humidity"
READ0242,53.74,36.2,54.88,0.4066,Irrigate,"Synthetic label derived from temperature, soil moisture and humidity"
READ0243,54.44,21.85,64.54,0.1262,Do Not Irrigate,"Synthetic label derived from temperature, soil moisture and humidity"
READ0244,66.77,25.74,57.65,0.0195,Do Not Irrigate,"Synthetic label derived from temperature, soil moisture and humidity"
READ0245,48.67,16.88,43.99,0.294,Irrigate,"Synthetic label derived from temperature, soil moisture and humidity"
READ0246,66.0,31.13,51.4,0.1684,Do Not Irrigate,"Synthetic label derived from temperature, soil moisture and humidity"
READ0247,54.95,23.21,81.04,0.136,Do Not Irrigate,"Synthetic label derived from temperature, soil moisture and humidity"
READ0248,51.91,29.13,65.5,0.1814,Do Not Irrigate,"Synthetic label derived from temperature, soil moisture and humidity"
READ0249,51.54,25.59,50.98,0.2326,Do Not Irrigate,"Synthetic label derived from temperature, soil moisture and humidity"
READ0250,80.17,32.2,56.15,0.1877,Do Not Irrigate,"Synthetic label derived from temperature, soil moisture and humidity"
READ0251,74.59,33.62,63.72,0.1481,Do Not Irrigate,"Synthetic label derived from temperature, soil moisture and humidity"
READ0252,64.78,30.97,73.74,0.1221,Do Not Irrigate,"Synthetic label derived from temperature, soil moisture and humidity"
READ0253,69.69,26.32,78.81,0.0382,Do Not Irrigate,"Synthetic label derived from temperature, soil moisture and humidity"
READ0254,84.05,25.55,83.83,0.0275,Do Not Irrigate,"Synthetic label derived from temperature, soil moisture and humidity"
READ0255,45.88,26.58,59.16,0.3047,Irrigate,"Synthetic label derived from temperature, soil moisture and humidity"
READ0256,62.32,26.13,62.71,0.16,Do Not Irrigate,"Synthetic label derived from temperature, soil moisture and humidity"
READ0257,79.19,31.18,63.46,0.138,Do Not Irrigate,"Synthetic label derived from temperature, soil moisture and humidity"
READ0258,63.59,23.89,59.91,0.0106,Do Not Irrigate,"Synthetic label derived from temperature, soil moisture and humidity"
READ0259,60.59,32.24,57.2,0.2631,Irrigate,"Synthetic label derived from temperature, soil moisture and humidity"
READ0260,37.84,21.68,65.69,0.3556,Irrigate,"Synthetic label derived from temperature, soil moisture and humidity"
READ0261,78.57,26.71,75.94,0.0364,Do Not Irrigate,"Synthetic label derived from temperature, soil moisture and humidity"
READ0262,52.58,33.42,70.83,0.2315,Do Not Irrigate,"Synthetic label derived from temperature, soil moisture and humidity"
READ0263,75.67,35.9,55.49,0.2357,Do Not Irrigate,"Synthetic label derived from temperature, soil moisture and humidity"
READ0264,61.92,30.3,56.4,0.1568,Do Not Irrigate,"Synthetic label derived from temperature, soil moisture and humidity"
READ0265,54.64,34.86,69.52,0.2692,Irrigate,"Synthetic label derived from temperature, soil moisture and humidity"
READ0266,65.8,15.0,76.79,0.0,Do Not Irrigate,"Synthetic label derived from temperature, soil moisture and humidity"
READ0267,49.93,23.4,47.46,0.2819,Irrigate,"Synthetic label derived from temperature, soil moisture and humidity"
READ0268,48.45,30.73,62.44,0.326,Irrigate,"Synthetic label derived from temperature, soil moisture and humidity"
READ0269,56.08,22.59,74.96,0.0827,Do Not Irrigate,"Synthetic label derived from temperature, soil moisture and humidity"
READ0270,33.21,26.86,81.01,0.412,Irrigate,"Synthetic label derived from temperature, soil moisture and humidity"
READ0271,50.12,27.25,59.14,0.3174,Irrigate,"Synthetic label derived from temperature, soil moisture and humidity"
READ0272,60.35,31.15,75.36,0.1572,Do Not Irrigate,"Synthetic label derived from temperature, soil moisture and humidity"
READ0273,51.37,28.02,62.14,0.2419,Do Not Irrigate,"Synthetic label derived from temperature, soil moisture and humidity"
READ0274,65.19,29.26,71.79,0.0803,Do Not Irrigate,"Synthetic label derived from temperature, soil moisture and humidity"
READ0275,56.1,19.01,74.0,0.1105,Do Not Irrigate,"Synthetic label derived from temperature, soil moisture and humidity"
READ0276,68.97,15.0,88.06,0.0,Do Not Irrigate,"Synthetic label derived from temperature, soil moisture and humidity"
READ0277,70.51,23.8,70.35,0.0,Do Not Irrigate,"Synthetic label derived from temperature, soil moisture and humidity"
READ0278,46.27,38.57,60.71,0.4561,Irrigate,"Synthetic label derived from temperature, soil moisture and humidity"
READ0279,67.18,31.48,64.81,0.1454,Do Not Irrigate,"Synthetic label derived from temperature, soil moisture and humidity"
READ0280,88.65,28.71,65.41,0.1257,Do Not Irrigate,"Synthetic label derived from temperature, soil moisture and humidity"
READ0281,70.48,34.94,70.66,0.1306,Do Not Irrigate,"Synthetic label derived from temperature, soil moisture and humidity"
READ0282,77.87,23.27,66.63,0.0025,Do Not Irrigate,"Synthetic label derived from temperature, soil moisture and humidity"
READ0283,54.1,30.64,66.86,0.2483,Do Not Irrigate,"Synthetic label derived from temperature, soil moisture and humidity"
READ0284,77.59,31.27,60.07,0.1747,Do Not Irrigate,"Synthetic label derived from temperature, soil moisture and humidity"
READ0285,71.65,22.86,70.17,0.0355,Do Not Irrigate,"Synthetic label derived from temperature, soil moisture and humidity"
READ0286,50.83,35.88,61.2,0.3647,Irrigate,"Synthetic label derived from temperature, soil moisture and humidity"
READ0287,52.58,29.08,49.84,0.2383,Do Not Irrigate,"Synthetic label derived from temperature, soil moisture and humidity"
READ0288,77.32,24.77,51.1,0.0177,Do Not Irrigate,"Synthetic label derived from temperature, soil moisture and humidity"
READ0289,46.05,22.38,82.7,0.237,Do Not Irrigate,"Synthetic label derived from temperature, soil moisture and humidity"
READ0290,45.37,40.26,74.78,0.431,Irrigate,"Synthetic label derived from temperature, soil moisture and humidity"
READ0291,20.01,40.45,46.33,0.756,Irrigate,"Synthetic label derived from temperature, soil moisture and humidity"
READ0292,69.32,41.2,79.61,0.2558,Do Not Irrigate,"Synthetic label derived from temperature, soil moisture and humidity"
READ0293,63.33,33.27,72.11,0.1641,Do Not Irrigate,"Synthetic label derived from temperature, soil moisture and humidity"
READ0294,56.46,28.69,53.95,0.213,Do Not Irrigate,"Synthetic label derived from temperature, soil moisture and humidity"
READ0295,31.3,28.51,51.14,0.4687,Irrigate,"Synthetic label derived from temperature, soil moisture and humidity"
READ0296,57.52,35.96,74.02,0.2036,Do Not Irrigate,"Synthetic label derived from temperature, soil moisture and humidity"
READ0297,41.15,33.7,51.21,0.4596,Irrigate,"Synthetic label derived from temperature, soil moisture and humidity"
READ0298,62.7,24.16,64.26,0.0195,Do Not Irrigate,"Synthetic label derived from temperature, soil moisture and humidity"
READ0299,46.58,30.6,43.88,0.3991,Irrigate,"Synthetic label derived from temperature, soil moisture and humidity"
READ0300,54.73,31.76,65.69,0.2888,Irrigate,"Synthetic label derived from temperature, soil moisture and humidity"
READ0301,56.75,26.85,64.47,0.1775,Do Not Irrigate,"Synthetic label derived from temperature, soil moisture and humidity"
READ0302,55.68,29.2,54.58,0.2153,Do Not Irrigate,"Synthetic label derived from temperature, soil moisture and humidity"
READ0303,35.36,37.75,48.07,0.5742,Irrigate,"Synthetic label derived from temperature, soil moisture and humidity"
READ0304,44.94,33.47,59.46,0.4345,Irrigate,"Synthetic label derived from temperature, soil moisture and humidity"
READ0305,45.57,30.39,52.98,0.4312,Irrigate,"Synthetic label derived from temperature, soil moisture and humidity"
READ0306,38.37,30.55,70.61,0.407,Irrigate,"Synthetic label derived from temperature, soil moisture and humidity"
READ0307,52.41,28.35,63.53,0.2278,Do Not Irrigate,"Synthetic label derived from temperature, soil moisture and humidity"
READ0308,68.49,40.05,56.31,0.2379,Do Not Irrigate,"Synthetic label derived from temperature, soil moisture and humidity"
READ0309,53.76,41.9,53.36,0.4853,Irrigate,"Synthetic label derived from temperature, soil moisture and humidity"
READ0310,78.49,26.23,69.83,0.0954,Do Not Irrigate,"Synthetic label derived from temperature, soil moisture and humidity"
READ0311,49.69,27.98,56.02,0.2488,Do Not Irrigate,"Synthetic label derived from temperature, soil moisture and humidity"
READ0312,45.91,22.88,63.41,0.2199,Do Not Irrigate,"Synthetic label derived from temperature, soil moisture and humidity"
READ0313,58.27,21.22,66.97,0.1225,Do Not Irrigate,"Synthetic label derived from temperature, soil moisture and humidity"
READ0314,27.09,30.87,77.73,0.4727,Irrigate,"Synthetic label derived from temperature, soil moisture and humidity"
READ0315,78.42,31.1,54.54,0.1583,Do Not Irrigate,"Synthetic label derived from temperature, soil moisture and humidity"
READ0316,62.82,29.38,69.47,0.0875,Do Not Irrigate,"Synthetic label derived from temperature, soil moisture and humidity"
READ0317,57.37,21.93,61.67,0.0961,Do Not Irrigate,"Synthetic label derived from temperature, soil moisture and humidity"
READ0318,44.7,35.18,76.1,0.395,Irrigate,"Synthetic label derived from temperature, soil moisture and humidity"
READ0319,39.71,27.42,77.56,0.3276,Irrigate,"Synthetic label derived from temperature, soil moisture and humidity"
READ0320,87.47,30.97,65.3,0.1166,Do Not Irrigate,"Synthetic label derived from temperature, soil moisture and humidity"
READ0321,56.87,28.24,71.5,0.1868,Do Not Irrigate,"Synthetic label derived from temperature, soil moisture and humidity"
READ0322,44.0,22.34,40.97,0.3465,Irrigate,"Synthetic label derived from temperature, soil moisture and humidity"
READ0323,39.55,18.24,67.66,0.3744,Irrigate,"Synthetic label derived from temperature, soil moisture and humidity"
READ0324,54.92,33.19,63.98,0.2678,Irrigate,"Synthetic label derived from temperature, soil moisture and humidity"
READ0325,67.87,27.55,66.21,0.0853,Do Not Irrigate,"Synthetic label derived from temperature, soil moisture and humidity"
READ0326,45.65,33.96,60.9,0.3691,Irrigate,"Synthetic label derived from temperature, soil moisture and humidity"
READ0327,62.51,24.51,63.34,0.0689,Do Not Irrigate,"Synthetic label derived from temperature, soil moisture and humidity"
READ0328,70.2,31.37,62.7,0.1638,Do Not Irrigate,"Synthetic label derived from temperature, soil moisture and humidity"
READ0329,74.46,31.79,63.12,0.1045,Do Not Irrigate,"Synthetic label derived from temperature, soil moisture and humidity"
READ0330,40.09,27.47,55.69,0.3723,Irrigate,"Synthetic label derived from temperature, soil moisture and humidity"
READ0331,55.79,31.65,62.15,0.2598,Do Not Irrigate,"Synthetic label derived from temperature, soil moisture and humidity"
READ0332,55.9,19.12,51.73,0.1647,Do Not Irrigate,"Synthetic label derived from temperature, soil moisture and humidity"
READ0333,38.06,32.0,81.37,0.4415,Irrigate,"Synthetic label derived from temperature, soil moisture and humidity"
READ0334,52.01,36.45,64.78,0.3352,Irrigate,"Synthetic label derived from temperature, soil moisture and humidity"
READ0335,46.41,27.49,58.34,0.3063,Irrigate,"Synthetic label derived from temperature, soil moisture and humidity"
READ0336,57.25,29.02,68.24,0.2102,Do Not Irrigate,"Synthetic label derived from temperature, soil moisture and humidity"
READ0337,68.29,21.58,32.35,0.156,Do Not Irrigate,"Synthetic label derived from temperature, soil moisture and humidity"
READ0338,35.86,27.88,48.96,0.3958,Irrigate,"Synthetic label derived from temperature, soil moisture and humidity"
READ0339,62.58,32.8,56.08,0.1276,Do Not Irrigate,"Synthetic label derived from temperature, soil moisture and humidity"
READ0340,47.35,30.96,45.25,0.3839,Irrigate,"Synthetic label derived from temperature, soil moisture and humidity"
READ0341,54.79,31.9,64.43,0.2236,Do Not Irrigate,"Synthetic label derived from temperature, soil moisture and humidity"
READ0342,71.75,28.21,62.67,0.0674,Do Not Irrigate,"Synthetic label derived from temperature, soil moisture and humidity"
READ0343,48.79,24.58,60.92,0.2784,Irrigate,"Synthetic label derived from temperature, soil moisture and humidity"
READ0344,35.79,20.93,80.65,0.3123,Irrigate,"Synthetic label derived from temperature, soil moisture and humidity"
READ0345,45.63,34.2,55.73,0.4655,Irrigate,"Synthetic label derived from temperature, soil moisture and humidity"
READ0346,64.49,26.56,88.89,0.0229,Do Not Irrigate,"Synthetic label derived from temperature, soil moisture and humidity"
READ0347,65.39,30.5,78.62,0.1371,Do Not Irrigate,"Synthetic label derived from temperature, soil moisture and humidity"
READ0348,55.45,25.23,68.52,0.1204,Do Not Irrigate,"Synthetic label derived from temperature, soil moisture and humidity"
READ0349,83.19,29.68,58.62,0.1336,Do Not Irrigate,"Synthetic label derived from temperature, soil moisture and humidity"
READ0350,36.14,24.14,77.4,0.2971,Irrigate,"Synthetic label derived from temperature, soil moisture and humidity"
READ0351,40.34,31.68,77.23,0.3973,Irrigate,"Synthetic label derived from temperature, soil moisture and humidity"
READ0352,68.94,25.22,45.94,0.1491,Do Not Irrigate,"Synthetic label derived from temperature, soil moisture and humidity"
READ0353,50.48,27.75,78.94,0.2271,Do Not Irrigate,"Synthetic label derived from temperature, soil moisture and humidity"
READ0354,61.38,39.83,55.28,0.3463,Irrigate,"Synthetic label derived from temperature, soil moisture and humidity"
READ0355,55.8,30.34,81.34,0.2037,Do Not Irrigate,"Synthetic label derived from temperature, soil moisture and humidity"
READ0356,62.54,34.36,58.62,0.1948,Do Not Irrigate,"Synthetic label derived from temperature, soil moisture and humidity"
READ0357,40.37,19.17,87.67,0.2356,Do Not Irrigate,"Synthetic label derived from temperature, soil moisture and humidity"
READ0358,51.9,27.62,66.69,0.2425,Do Not Irrigate,"Synthetic label derived from temperature, soil moisture and humidity"
READ0359,67.05,26.08,60.99,0.0794,Do Not Irrigate,"Synthetic label derived from temperature, soil moisture and humidity"
READ0360,51.52,37.04,68.89,0.3685,Irrigate,"Synthetic label derived from temperature, soil moisture and humidity"
READ0361,64.28,34.87,65.17,0.1494,Do Not Irrigate,"Synthetic label derived from temperature, soil moisture and humidity"
READ0362,60.6,25.74,56.66,0.1449,Do Not Irrigate,"Synthetic label derived from temperature, soil moisture and humidity"
READ0363,72.34,29.11,66.71,0.1469,Do Not Irrigate,"Synthetic label derived from temperature, soil moisture and humidity"
READ0364,58.37,42.0,69.79,0.2851,Irrigate,"Synthetic label derived from temperature, soil moisture and humidity"
READ0365,65.55,30.91,78.48,0.1161,Do Not Irrigate,"Synthetic label derived from temperature, soil moisture and humidity"
READ0366,53.06,22.88,60.49,0.1482,Do Not Irrigate,"Synthetic label derived from temperature, soil moisture and humidity"
READ0367,46.87,31.94,83.04,0.3199,Irrigate,"Synthetic label derived from temperature, soil moisture and humidity"
READ0368,38.26,31.22,77.36,0.3738,Irrigate,"Synthetic label derived from temperature, soil moisture and humidity"
READ0369,53.12,29.07,53.58,0.2837,Irrigate,"Synthetic label derived from temperature, soil moisture and humidity"
READ0370,53.31,31.1,52.35,0.281,Irrigate,"Synthetic label derived from temperature, soil moisture and humidity"
READ0371,65.11,27.14,83.72,0.0316,Do Not Irrigate,"Synthetic label derived from temperature, soil moisture and humidity"
READ0372,58.15,33.66,45.98,0.2432,Do Not Irrigate,"Synthetic label derived from temperature, soil moisture and humidity"
READ0373,33.64,35.31,56.38,0.6318,Irrigate,"Synthetic label derived from temperature, soil moisture and humidity"
READ0374,47.1,29.92,81.51,0.3377,Irrigate,"Synthetic label derived from temperature, soil moisture and humidity"
READ0375,83.86,35.04,75.29,0.1711,Do Not Irrigate,"Synthetic label derived from temperature, soil moisture and humidity"
READ0376,65.9,26.24,53.18,0.0965,Do Not Irrigate,"Synthetic label derived from temperature, soil moisture and humidity"
READ0377,52.62,26.73,71.36,0.2126,Do Not Irrigate,"Synthetic label derived from temperature, soil moisture and humidity"
READ0378,56.24,36.39,49.3,0.3389,Irrigate,"Synthetic label derived from temperature, soil moisture and humidity"
READ0379,44.96,19.67,62.01,0.2539,Do Not Irrigate,"Synthetic label derived from temperature, soil moisture and humidity"
READ0380,76.19,32.15,50.71,0.2417,Do Not Irrigate,"Synthetic label derived from temperature, soil moisture and humidity"
READ0381,72.09,31.91,60.28,0.1252,Do Not Irrigate,"Synthetic label derived from temperature, soil moisture and humidity"
READ0382,49.79,34.44,85.62,0.3573,Irrigate,"Synthetic label derived from temperature, soil moisture and humidity"
READ0383,48.16,23.4,64.69,0.1616,Do Not Irrigate,"Synthetic label derived from temperature, soil moisture and humidity"
READ0384,59.52,28.26,57.41,0.1239,Do Not Irrigate,"Synthetic label derived from temperature, soil moisture and humidity"
READ0385,62.19,26.34,48.96,0.0551,Do Not Irrigate,"Synthetic label derived from temperature, soil moisture and humidity"
READ0386,54.61,37.86,82.94,0.2921,Irrigate,"Synthetic label derived from temperature, soil moisture and humidity"
READ0387,46.57,31.34,51.02,0.3841,Irrigate,"Synthetic label derived from temperature, soil moisture and humidity"
READ0388,65.73,35.13,61.8,0.1881,Do Not Irrigate,"Synthetic label derived from temperature, soil moisture and humidity"
READ0389,42.71,24.87,60.28,0.3104,Irrigate,"Synthetic label derived from temperature, soil moisture and humidity"
READ0390,67.79,24.98,80.91,0.0055,Do Not Irrigate,"Synthetic label derived from temperature, soil moisture and humidity"
READ0391,54.7,25.26,33.91,0.2797,Irrigate,"Synthetic label derived from temperature, soil moisture and humidity"
READ0392,65.32,27.59,63.8,0.099,Do Not Irrigate,"Synthetic label derived from temperature, soil moisture and humidity"
READ0393,33.12,26.35,72.53,0.3502,Irrigate,"Synthetic label derived from temperature, soil moisture and humidity"
READ0394,59.11,22.22,68.6,0.0824,Do Not Irrigate,"Synthetic label derived from temperature, soil moisture and humidity"
READ0395,32.39,34.82,54.18,0.5442,Irrigate,"Synthetic label derived from temperature, soil moisture and humidity"
READ0396,57.81,34.74,50.81,0.3021,Irrigate,"Synthetic label derived from temperature, soil moisture and humidity"
READ0397,61.0,32.47,65.12,0.1798,Do Not Irrigate,"Synthetic label derived from temperature, soil moisture and humidity"
READ0398,43.41,29.43,50.13,0.2979,Irrigate,"Synthetic label derived from temperature, soil moisture and humidity"
READ0399,61.11,33.52,34.64,0.2654,Irrigate,"Synthetic label derived from temperature, soil moisture and humidity"
READ0400,63.67,39.29,63.25,0.2403,Do Not Irrigate,"Synthetic label derived from temperature, soil moisture and humidity"
READ0401,52.44,35.87,55.25,0.3372,Irrigate,"Synthetic label derived from temperature, soil moisture and humidity"
READ0402,48.24,24.23,64.47,0.2664,Irrigate,"Synthetic label derived from temperature, soil moisture and humidity"
READ0403,59.52,27.74,59.5,0.1113,Do Not Irrigate,"Synthetic label derived from temperature, soil moisture and humidity"
READ0404,67.36,28.61,60.83,0.2023,Do Not Irrigate,"Synthetic label derived from temperature, soil moisture and humidity"
READ0405,59.18,25.24,57.88,0.1665,Do Not Irrigate,"Synthetic label derived from temperature, soil moisture and humidity"
READ0406,56.59,21.81,74.03,0.0747,Do Not Irrigate,"Synthetic label derived from temperature, soil moisture and humidity"
READ0407,81.23,34.4,57.63,0.235,Do Not Irrigate,"Synthetic label derived from temperature, soil moisture and humidity"
READ0408,55.95,33.26,68.82,0.2206,Do Not Irrigate,"Synthetic label derived from temperature, soil moisture and humidity"
READ0409,45.99,34.15,58.98,0.3843,Irrigate,"Synthetic label derived from temperature, soil moisture and humidity"
READ0410,41.63,31.12,87.75,0.3218,Irrigate,"Synthetic label derived from temperature, soil moisture and humidity"
READ0411,55.34,36.06,62.04,0.3253,Irrigate,"Synthetic label derived from temperature, soil moisture and humidity"
READ0412,40.13,31.14,60.75,0.4428,Irrigate,"Synthetic label derived from temperature, soil moisture and humidity"
READ0413,71.62,41.95,69.96,0.2742,Irrigate,"Synthetic label derived from temperature, soil moisture and humidity"
READ0414,57.72,27.23,67.06,0.1393,Do Not Irrigate,"Synthetic label derived from temperature, soil moisture and humidity"
READ0415,57.36,35.59,50.92,0.3507,Irrigate,"Synthetic label derived from temperature, soil moisture and humidity"
READ0416,73.44,28.41,37.54,0.1554,Do Not Irrigate,"Synthetic label derived from temperature, soil moisture and humidity"
READ0417,73.16,28.89,51.01,0.1247,Do Not Irrigate,"Synthetic label derived from temperature, soil moisture and humidity"
READ0418,66.77,31.73,60.13,0.141,Do Not Irrigate,"Synthetic label derived from temperature, soil moisture and humidity"
READ0419,49.52,24.39,82.38,0.1646,Do Not Irrigate,"Synthetic label derived from temperature, soil moisture and humidity"
READ0420,72.04,36.61,74.98,0.1622,Do Not Irrigate,"Synthetic label derived from temperature, soil moisture and humidity"
READ0421,60.65,28.88,52.16,0.1935,Do Not Irrigate,"Synthetic label derived from temperature, soil moisture and humidity"
READ0422,38.49,34.94,57.42,0.4998,Irrigate,"Synthetic label derived from temperature, soil moisture and humidity"
READ0423,58.97,27.71,70.04,0.1179,Do Not Irrigate,"Synthetic label derived from temperature, soil moisture and humidity"
READ0424,67.2,22.27,64.52,0.0896,Do Not Irrigate,"Synthetic label derived from temperature, soil moisture and humidity"
READ0425,41.0,25.61,69.17,0.3071,Irrigate,"Synthetic label derived from temperature, soil moisture and humidity"
READ0426,59.91,31.45,70.62,0.2054,Do Not Irrigate,"Synthetic label derived from temperature, soil moisture and humidity"
READ0427,60.74,27.79,71.07,0.168,Do Not Irrigate,"Synthetic label derived from temperature, soil moisture and humidity"
READ0428,53.14,24.13,76.28,0.1275,Do Not Irrigate,"Synthetic label derived from temperature, soil moisture and humidity"
READ0429,24.58,33.24,56.58,0.6218,Irrigate,"Synthetic label derived from temperature, soil moisture and humidity"
READ0430,59.65,29.95,71.51,0.1385,Do Not Irrigate,"Synthetic label derived from temperature, soil moisture and humidity"
READ0431,62.18,27.7,71.87,0.11,Do Not Irrigate,"Synthetic label derived from temperature, soil moisture and humidity"
READ0432,41.9,34.43,56.57,0.4764,Irrigate,"Synthetic label derived from temperature, soil moisture and humidity"
READ0433,60.14,38.19,60.32,0.2837,Irrigate,"Synthetic label derived from temperature, soil moisture and humidity"
READ0434,54.73,27.48,72.6,0.1192,Do Not Irrigate,"Synthetic label derived from temperature, soil moisture and humidity"
READ0435,40.25,23.66,74.4,0.3231,Irrigate,"Synthetic label derived from temperature, soil moisture and humidity"
READ0436,53.54,28.16,63.84,0.2511,Do Not Irrigate,"Synthetic label derived from temperature, soil moisture and humidity"
READ0437,42.02,30.19,74.7,0.3526,Irrigate,"Synthetic label derived from temperature, soil moisture and humidity"
READ0438,57.65,34.01,30.56,0.3728,Irrigate,"Synthetic label derived from temperature, soil moisture and humidity"
READ0439,45.84,19.85,69.13,0.2678,Irrigate,"Synthetic label derived from temperature, soil moisture and humidity"
READ0440,53.08,33.76,82.35,0.3051,Irrigate,"Synthetic label derived from temperature, soil moisture and humidity"
READ0441,77.96,32.71,63.91,0.1062,Do Not Irrigate,"Synthetic label derived from temperature, soil moisture and humidity"
READ0442,51.56,24.78,89.05,0.1523,Do Not Irrigate,"Synthetic label derived from temperature, soil moisture and humidity"
READ0443,56.72,31.76,63.52,0.2833,Irrigate,"Synthetic label derived from temperature, soil moisture and humidity"
READ0444,46.28,29.97,54.09,0.3103,Irrigate,"Synthetic label derived from temperature, soil moisture and humidity"
READ0445,46.44,28.81,57.85,0.3001,Irrigate,"Synthetic label derived from temperature, soil moisture and humidity"
READ0446,35.31,28.58,44.94,0.5005,Irrigate,"Synthetic label derived from temperature, soil moisture and humidity"
READ0447,56.15,21.71,59.29,0.1211,Do Not Irrigate,"Synthetic label derived from temperature, soil moisture and humidity"
READ0448,59.47,35.7,40.5,0.3298,Irrigate,"Synthetic label derived from temperature, soil moisture and humidity"
READ0449,52.76,32.36,65.56,0.2554,Do Not Irrigate,"Synthetic label derived from temperature, soil moisture and humidity"
READ0450,50.53,25.02,75.91,0.1726,Do Not Irrigate,"Synthetic label derived from temperature, soil moisture and humidity"
READ0451,81.62,28.7,54.5,0.0813,Do Not Irrigate,"Synthetic label derived from temperature, soil moisture and humidity"
READ0452,29.76,21.08,66.21,0.4261,Irrigate,"Synthetic label derived from temperature, soil moisture and humidity"
READ0453,32.86,33.48,57.2,0.54,Irrigate,"Synthetic label derived from temperature, soil moisture and humidity"
READ0454,77.57,33.48,59.78,0.1507,Do Not Irrigate,"Synthetic label derived from temperature, soil moisture and humidity"
READ0455,24.87,25.4,60.47,0.4712,Irrigate,"Synthetic label derived from temperature, soil moisture and humidity"
READ0456,53.16,29.38,60.3,0.2285,Do Not Irrigate,"Synthetic label derived from temperature, soil moisture and humidity"
READ0457,57.36,31.21,49.92,0.301,Irrigate,"Synthetic label derived from temperature, soil moisture and humidity"
READ0458,53.62,29.09,71.5,0.2124,Do Not Irrigate,"Synthetic label derived from temperature, soil moisture and humidity"
READ0459,68.34,30.44,55.65,0.1583,Do Not Irrigate,"Synthetic label derived from temperature, soil moisture and humidity"
READ0460,38.99,29.54,62.6,0.3917,Irrigate,"Synthetic label derived from temperature, soil moisture and humidity"
READ0461,53.2,19.59,56.42,0.1873,Do Not Irrigate,"Synthetic label derived from temperature, soil moisture and humidity"
READ0462,57.24,23.86,78.19,0.0587,Do Not Irrigate,"Synthetic label derived from temperature, soil moisture and humidity"
READ0463,68.57,31.14,55.25,0.2116,Do Not Irrigate,"Synthetic label derived from temperature, soil moisture and humidity"
READ0464,38.29,33.6,75.01,0.4045,Irrigate,"Synthetic label derived from temperature, soil moisture and humidity"
READ0465,74.49,27.75,66.46,0.0855,Do Not Irrigate,"Synthetic label derived from temperature, soil moisture and humidity"
READ0466,53.12,33.05,72.52,0.2103,Do Not Irrigate,"Synthetic label derived from temperature, soil moisture and humidity"
READ0467,73.26,20.69,75.39,0.0338,Do Not Irrigate,"Synthetic label derived from temperature, soil moisture and humidity"
READ0468,39.73,26.95,49.73,0.386,Irrigate,"Synthetic label derived from temperature, soil moisture and humidity"
READ0469,50.69,32.9,78.72,0.3216,Irrigate,"Synthetic label derived from temperature, soil moisture and humidity"
READ0470,47.13,27.95,42.8,0.3223,Irrigate,"Synthetic label derived from temperature, soil moisture and humidity"
READ0471,68.51,37.08,48.19,0.2443,Do Not Irrigate,"Synthetic label derived from temperature, soil moisture and humidity"
READ0472,54.63,30.4,53.28,0.2799,Irrigate,"Synthetic label derived from temperature, soil moisture and humidity"
READ0473,48.37,28.93,69.56,0.2664,Irrigate,"Synthetic label derived from temperature, soil moisture and humidity"
READ0474,48.89,28.45,61.94,0.2657,Irrigate,"Synthetic label derived from temperature, soil moisture and humidity"
READ0475,51.38,36.99,69.73,0.336,Irrigate,"Synthetic label derived from temperature, soil moisture and humidity"
READ0476,64.76,27.33,77.08,0.06,Do Not Irrigate,"Synthetic label derived from temperature, soil moisture and humidity"
READ0477,53.5,31.24,44.15,0.2848,Irrigate,"Synthetic label derived from temperature, soil moisture and humidity"
READ0478,38.29,29.71,83.79,0.4377,Irrigate,"Synthetic label derived from temperature, soil moisture and humidity"
READ0479,63.93,31.5,41.39,0.2004,Do Not Irrigate,"Synthetic label derived from temperature, soil moisture and humidity"
READ0480,43.97,25.9,60.98,0.2836,Irrigate,"Synthetic label derived from temperature, soil moisture and humidity"
READ0481,27.29,32.74,50.13,0.6146,Irrigate,"Synthetic label derived from temperature, soil moisture and humidity"
READ0482,84.04,24.4,32.64,0.1241,Do Not Irrigate,"Synthetic label derived from temperature, soil moisture and humidity"
READ0483,70.41,38.79,48.25,0.3006,Irrigate,"Synthetic label derived from temperature, soil moisture and humidity"
READ0484,48.49,28.47,94.73,0.1972,Do Not Irrigate,"Synthetic label derived from temperature, soil moisture and humidity"
READ0485,58.55,31.34,76.03,0.1752,Do Not Irrigate,"Synthetic label derived from temperature, soil moisture and humidity"
READ0486,59.31,27.04,66.23,0.1203,Do Not Irrigate,"Synthetic label derived from temperature, soil moisture and humidity"
READ0487,63.7,27.15,67.53,0.0795,Do Not Irrigate,"Synthetic label derived from temperature, soil moisture and humidity"
READ0488,70.76,28.74,41.72,0.2036,Do Not Irrigate,"Synthetic label derived from temperature, soil moisture and humidity"
READ0489,42.32,25.73,55.85,0.3701,Irrigate,"Synthetic label derived from temperature, soil moisture and humidity"
READ0490,25.1,42.0,75.67,0.692,Irrigate,"Synthetic label derived from temperature, soil moisture and humidity"
READ0491,54.23,30.43,69.25,0.2433,Do Not Irrigate,"Synthetic label derived from temperature, soil moisture and humidity"
READ0492,62.78,29.45,60.63,0.1385,Do Not Irrigate,"Synthetic label derived from temperature, soil moisture and humidity"
READ0493,52.27,34.67,70.12,0.2135,Do Not Irrigate,"Synthetic label derived from temperature, soil moisture and humidity"
READ0494,64.18,29.97,62.78,0.1169,Do Not Irrigate,"Synthetic label derived from temperature, soil moisture and humidity"
READ0495,70.74,33.74,53.73,0.2113,Do Not Irrigate,"Synthetic label derived from temperature, soil moisture and humidity"
READ0496,41.4,22.1,55.48,0.3419,Irrigate,"Synthetic label derived from temperature, soil moisture and humidity"
READ0497,68.34,31.57,71.7,0.1305,Do Not Irrigate,"Synthetic label derived from temperature, soil moisture and humidity"
READ0498,46.02,31.16,72.6,0.3363,Irrigate,"Synthetic label derived from temperature, soil moisture and humidity"
READ0499,71.64,32.54,67.22,0.1741,Do Not Irrigate,"Synthetic label derived from temperature, soil moisture and humidity"
READ0500,54.63,24.59,61.04,0.1409,Do Not Irrigate,"Synthetic label derived from temperature, soil moisture and humidity"
READ0501,45.55,28.28,53.49,0.3269,Irrigate,"Synthetic label derived from temperature, soil moisture and humidity"
READ0502,28.49,30.07,63.01,0.494,Irrigate,"Synthetic label derived from temperature, soil moisture and humidity"
READ0503,64.23,33.69,43.71,0.214,Do Not Irrigate,"Synthetic label derived from temperature, soil moisture and humidity"
READ0504,44.23,24.3,72.95,0.2311,Do Not Irrigate,"Synthetic label derived from temperature, soil moisture and humidity"
READ0505,51.3,18.98,70.63,0.1254,Do Not Irrigate,"Synthetic label derived from temperature, soil moisture and humidity"
READ0506,55.84,30.39,79.33,0.1494,Do Not Irrigate,"Synthetic label derived from temperature, soil moisture and humidity"
READ0507,12.73,29.92,84.61,0.6896,Irrigate,"Synthetic label derived from temperature, soil moisture and humidity"
READ0508,57.94,26.54,72.69,0.0901,Do Not Irrigate,"Synthetic label derived from temperature, soil moisture and humidity"
READ0509,61.67,31.53,75.72,0.2237,Do Not Irrigate,"Synthetic label derived from temperature, soil moisture and humidity"
READ0510,60.49,26.46,62.69,0.0671,Do Not Irrigate,"Synthetic label derived from temperature, soil moisture and humidity"
READ0511,45.27,26.95,56.71,0.3157,Irrigate,"Synthetic label derived from temperature, soil moisture and humidity"
READ0512,43.49,34.61,63.0,0.4177,Irrigate,"Synthetic label derived from temperature, soil moisture and humidity"
READ0513,50.41,29.78,72.9,0.2197,Do Not Irrigate,"Synthetic label derived from temperature, soil moisture and humidity"
READ0514,45.79,27.48,46.85,0.3178,Irrigate,"Synthetic label derived from temperature, soil moisture and humidity"
READ0515,48.33,33.37,66.15,0.3443,Irrigate,"Synthetic label derived from temperature, soil moisture and humidity"
READ0516,66.91,28.31,67.69,0.0788,Do Not Irrigate,"Synthetic label derived from temperature, soil moisture and humidity"
READ0517,58.72,26.09,33.73,0.2173,Do Not Irrigate,"Synthetic label derived from temperature, soil moisture and humidity"
READ0518,74.92,33.63,74.58,0.1721,Do Not Irrigate,"Synthetic label derived from temperature, soil moisture and humidity"
READ0519,56.24,29.99,55.59,0.2275,Do Not Irrigate,"Synthetic label derived from temperature, soil moisture and humidity"
READ0520,63.62,35.02,61.33,0.1956,Do Not Irrigate,"Synthetic label derived from temperature, soil moisture and humidity"
READ0521,55.01,32.01,45.67,0.2393,Do Not Irrigate,"Synthetic label derived from temperature, soil moisture and humidity"
READ0522,47.29,22.9,56.9,0.243,Do Not Irrigate,"Synthetic label derived from temperature, soil moisture and humidity"
READ0523,48.65,36.26,66.92,0.3819,Irrigate,"Synthetic label derived from temperature, soil moisture and humidity"
READ0524,63.71,23.31,75.47,0.0118,Do Not Irrigate,"Synthetic label derived from temperature, soil moisture and humidity"
READ0525,64.39,23.64,44.35,0.1232,Do Not Irrigate,"Synthetic label derived from temperature, soil moisture and humidity"
READ0526,60.27,24.49,52.56,0.1595,Do Not Irrigate,"Synthetic label derived from temperature, soil moisture and humidity"
READ0527,38.35,37.21,52.19,0.5618,Irrigate,"Synthetic label derived from temperature, soil moisture and humidity"
READ0528,50.4,32.02,56.47,0.3213,Irrigate,"Synthetic label derived from temperature, soil moisture and humidity"
READ0529,55.57,23.99,71.89,0.0968,Do Not Irrigate,"Synthetic label derived from temperature, soil moisture and humidity"
READ0530,51.8,24.03,32.25,0.2669,Irrigate,"Synthetic label derived from temperature, soil moisture and humidity"
READ0531,88.78,32.92,62.77,0.1527,Do Not Irrigate,"Synthetic label derived from temperature, soil moisture and humidity"
READ0532,55.31,31.74,48.83,0.325,Irrigate,"Synthetic label derived from temperature, soil moisture and humidity"
READ0533,65.02,32.59,68.26,0.1401,Do Not Irrigate,"Synthetic label derived from temperature, soil moisture and humidity"
READ0534,64.42,31.96,58.75,0.1484,Do Not Irrigate,"Synthetic label derived from temperature, soil moisture and humidity"
READ0535,56.43,36.75,48.13,0.3071,Irrigate,"Synthetic label derived from temperature, soil moisture and humidity"
READ0536,57.31,29.25,65.08,0.194,Do Not Irrigate,"Synthetic label derived from temperature, soil moisture and humidity"
READ0537,51.88,36.45,43.79,0.3849,Irrigate,"Synthetic label derived from temperature, soil moisture and humidity"
READ0538,53.55,20.78,60.89,0.217,Do Not Irrigate,"Synthetic label derived from temperature, soil moisture and humidity"
READ0539,55.29,30.15,47.88,0.2542,Do Not Irrigate,"Synthetic label derived from temperature, soil moisture and humidity"
READ0540,49.75,27.41,78.38,0.2305,Do Not Irrigate,"Synthetic label derived from temperature, soil moisture and humidity"
READ0541,39.44,30.23,68.98,0.4177,Irrigate,"Synthetic label derived from temperature, soil moisture and humidity"
READ0542,77.13,23.92,53.27,0.0275,Do Not Irrigate,"Synthetic label derived from temperature, soil moisture and humidity"
READ0543,51.72,31.33,74.85,0.2448,Do Not Irrigate,"Synthetic label derived from temperature, soil moisture and humidity"
READ0544,50.52,29.76,52.98,0.3667,Irrigate,"Synthetic label derived from temperature, soil moisture and humidity"
READ0545,32.49,29.92,87.28,0.4371,Irrigate,"Synthetic label derived from temperature, soil moisture and humidity"
READ0546,52.34,27.21,60.84,0.2664,Irrigate,"Synthetic label derived from temperature, soil moisture and humidity"
READ0547,24.03,36.67,45.91,0.7021,Irrigate,"Synthetic label derived from temperature, soil moisture and humidity"
READ0548,48.99,31.94,43.82,0.3924,Irrigate,"Synthetic label derived from temperature, soil moisture and humidity"
READ0549,83.34,22.18,65.28,0.0093,Do Not Irrigate,"Synthetic label derived from temperature, soil moisture and humidity"
READ0550,60.96,29.1,55.3,0.1886,Do Not Irrigate,"Synthetic label derived from temperature, soil moisture and humidity"
READ0551,80.26,28.05,71.64,0.0275,Do Not Irrigate,"Synthetic label derived from temperature, soil moisture and humidity"
READ0552,41.61,31.36,80.81,0.3681,Irrigate,"Synthetic label derived from temperature, soil moisture and humidity"
READ0553,50.62,29.0,48.0,0.3254,Irrigate,"Synthetic label derived from temperature, soil moisture and humidity"
READ0554,67.35,26.74,57.36,0.0989,Do Not Irrigate,"Synthetic label derived from temperature, soil moisture and humidity"
READ0555,48.89,28.67,88.2,0.2332,Do Not Irrigate,"Synthetic label derived from temperature, soil moisture and humidity"
READ0556,49.98,25.76,71.93,0.1921,Do Not Irrigate,"Synthetic label derived from temperature, soil moisture and humidity"
READ0557,45.91,35.61,80.04,0.3515,Irrigate,"Synthetic label derived from temperature, soil moisture and humidity"
READ0558,28.87,34.04,54.78,0.6179,Irrigate,"Synthetic label derived from temperature, soil moisture and humidity"
READ0559,27.42,33.46,48.47,0.6429,Irrigate,"Synthetic label derived from temperature, soil moisture and humidity"
READ0560,55.2,24.23,58.12,0.1814,Do Not Irrigate,"Synthetic label derived from temperature, soil moisture and humidity"
READ0561,56.48,31.92,86.72,0.156,Do Not Irrigate,"Synthetic label derived from temperature, soil moisture and humidity"
READ0562,77.64,29.52,52.21,0.1051,Do Not Irrigate,"Synthetic label derived from temperature, soil moisture and humidity"
READ0563,52.35,33.61,61.47,0.3573,Irrigate,"Synthetic label derived from temperature, soil moisture and humidity"
READ0564,34.68,28.94,47.97,0.4913,Irrigate,"Synthetic label derived from temperature, soil moisture and humidity"
READ0565,67.42,26.9,31.75,0.1759,Do Not Irrigate,"Synthetic label derived from temperature, soil moisture and humidity"
READ0566,61.11,31.02,77.83,0.1078,Do Not Irrigate,"Synthetic label derived from temperature, soil moisture and humidity"
READ0567,64.52,34.96,41.66,0.2671,Irrigate,"Synthetic label derived from temperature, soil moisture and humidity"
READ0568,47.94,28.59,67.17,0.2587,Do Not Irrigate,"Synthetic label derived from temperature, soil moisture and humidity"
READ0569,45.54,29.17,49.95,0.3267,Irrigate,"Synthetic label derived from temperature, soil moisture and humidity"
READ0570,64.51,23.26,71.0,0.0312,Do Not Irrigate,"Synthetic label derived from temperature, soil moisture and humidity"
READ0571,30.84,25.61,77.33,0.3656,Irrigate,"Synthetic label derived from temperature, soil moisture and humidity"
READ0572,48.5,31.31,72.4,0.2818,Irrigate,"Synthetic label derived from temperature, soil moisture and humidity"
READ0573,46.63,36.11,83.87,0.3979,Irrigate,"Synthetic label derived from temperature, soil moisture and humidity"
READ0574,56.19,24.96,53.03,0.1909,Do Not Irrigate,"Synthetic label derived from temperature, soil moisture and humidity"
READ0575,60.86,36.01,70.81,0.1795,Do Not Irrigate,"Synthetic label derived from temperature, soil moisture and humidity"
READ0576,69.73,24.01,58.39,0.0575,Do Not Irrigate,"Synthetic label derived from temperature, soil moisture and humidity"
READ0577,82.94,42.0,70.28,0.2587,Do Not Irrigate,"Synthetic label derived from temperature, soil moisture and humidity"
READ0578,62.48,33.44,59.15,0.2599,Do Not Irrigate,"Synthetic label derived from temperature, soil moisture and humidity"
READ0579,58.22,31.49,70.99,0.2026,Do Not Irrigate,"Synthetic label derived from temperature, soil moisture and humidity"
READ0580,66.75,25.91,56.3,0.0497,Do Not Irrigate,"Synthetic label derived from temperature, soil moisture and humidity"
READ0581,61.15,32.89,68.49,0.2353,Do Not Irrigate,"Synthetic label derived from temperature, soil moisture and humidity"
READ0582,54.92,32.34,49.9,0.2895,Irrigate,"Synthetic label derived from temperature, soil moisture and humidity"
READ0583,64.74,33.25,59.47,0.1757,Do Not Irrigate,"Synthetic label derived from temperature, soil moisture and humidity"
READ0584,33.75,27.21,73.68,0.4068,Irrigate,"Synthetic label derived from temperature, soil moisture and humidity"
READ0585,62.01,29.25,63.08,0.1215,Do Not Irrigate,"Synthetic label derived from temperature, soil moisture and humidity"
READ0586,64.78,31.1,68.9,0.1035,Do Not Irrigate,"Synthetic label derived from temperature, soil moisture and humidity"
READ0587,24.85,34.49,57.25,0.611,Irrigate,"Synthetic label derived from temperature, soil moisture and humidity"
READ0588,64.71,27.04,75.72,0.0639,Do Not Irrigate,"Synthetic label derived from temperature, soil moisture and humidity"
READ0589,64.57,22.17,77.54,0.0125,Do Not Irrigate,"Synthetic label derived from temperature, soil moisture and humidity"
READ0590,49.83,29.72,41.69,0.3571,Irrigate,"Synthetic label derived from temperature, soil moisture and humidity"
READ0591,40.59,22.24,44.73,0.3905,Irrigate,"Synthetic label derived from temperature, soil moisture and humidity"
READ0592,46.19,36.67,56.57,0.3852,Irrigate,"Synthetic label derived from temperature, soil moisture and humidity"
READ0593,39.37,35.18,61.13,0.46,Irrigate,"Synthetic label derived from temperature, soil moisture and humidity"
READ0594,57.24,31.51,76.41,0.2324,Do Not Irrigate,"Synthetic label derived from temperature, soil moisture and humidity"
READ0595,49.96,22.37,58.04,0.2227,Do Not Irrigate,"Synthetic label derived from temperature, soil moisture and humidity"
READ0596,41.51,24.21,67.13,0.2814,Irrigate,"Synthetic label derived from temperature, soil moisture and humidity"
READ0597,55.46,25.21,60.24,0.1374,Do Not Irrigate,"Synthetic label derived from temperature, soil moisture and humidity"
READ0598,67.46,34.18,40.85,0.2159,Do Not Irrigate,"Synthetic label derived from temperature, soil moisture and humidity"
READ0599,34.05,25.75,62.0,0.3575,Irrigate,"Synthetic label derived from temperature, soil moisture and humidity"
READ0600,42.09,23.98,65.49,0.2805,Irrigate,"Synthetic label derived from temperature, soil moisture and humidity"
READ0601,44.9,29.88,56.44,0.3486,Irrigate,"Synthetic label derived from temperature, soil moisture and humidity"
READ0602,78.43,35.7,47.41,0.2702,Irrigate,"Synthetic label derived from temperature, soil moisture and humidity"
READ0603,66.36,23.26,72.83,0.0527,Do Not Irrigate,"Synthetic label derived from temperature, soil moisture and humidity"
READ0604,39.28,24.41,75.21,0.2944,Irrigate,"Synthetic label derived from temperature, soil moisture and humidity"
READ0605,62.72,30.7,67.69,0.1001,Do Not Irrigate,"Synthetic label derived from temperature, soil moisture and humidity"
READ0606,69.66,34.85,60.25,0.1936,Do Not Irrigate,"Synthetic label derived from temperature, soil moisture and humidity"
READ0607,33.56,31.57,69.86,0.4616,Irrigate,"Synthetic label derived from temperature, soil moisture and humidity"
READ0608,70.74,27.33,69.78,0.0313,Do Not Irrigate,"Synthetic label derived from temperature, soil moisture and humidity"
READ0609,54.67,28.13,65.7,0.1868,Do Not Irrigate,"Synthetic label derived from temperature, soil moisture and humidity"
READ0610,53.16,33.13,57.76,0.2595,Do Not Irrigate,"Synthetic label derived from temperature, soil moisture and humidity"
READ0611,79.49,35.91,47.49,0.2686,Irrigate,"Synthetic label derived from temperature, soil moisture and humidity"
READ0612,47.96,30.32,66.53,0.292,Irrigate,"Synthetic label derived from temperature, soil moisture and humidity"
READ0613,44.03,25.55,52.01,0.2943,Irrigate,"Synthetic label derived from temperature, soil moisture and humidity"
READ0614,54.06,25.42,71.18,0.1952,Do Not Irrigate,"Synthetic label derived from temperature, soil moisture and humidity"
READ0615,46.88,30.2,69.0,0.3159,Irrigate,"Synthetic label derived from temperature, soil moisture and humidity"
READ0616,56.06,32.71,68.79,0.2,Do Not Irrigate,"Synthetic label derived from temperature, soil moisture and humidity"
READ0617,67.17,33.44,53.84,0.1957,Do Not Irrigate,"Synthetic label derived from temperature, soil moisture and humidity"
READ0618,64.57,27.95,75.88,0.1306,Do Not Irrigate,"Synthetic label derived from temperature, soil moisture and humidity"
READ0619,44.0,22.09,66.65,0.2758,Irrigate,"Synthetic label derived from temperature, soil moisture and humidity"
READ0620,51.77,36.27,46.94,0.4197,Irrigate,"Synthetic label derived from temperature, soil moisture and humidity"
READ0621,46.52,37.6,86.91,0.3675,Irrigate,"Synthetic label derived from temperature, soil moisture and humidity"
READ0622,47.31,33.3,58.35,0.3707,Irrigate,"Synthetic label derived from temperature, soil moisture and humidity"
READ0623,55.36,19.4,62.83,0.121,Do Not Irrigate,"Synthetic label derived from temperature, soil moisture and humidity"
READ0624,48.1,36.22,47.92,0.4597,Irrigate,"Synthetic label derived from temperature, soil moisture and humidity"
READ0625,51.09,27.6,72.48,0.2195,Do Not Irrigate,"Synthetic label derived from temperature, soil moisture and humidity"
READ0626,62.99,33.84,59.02,0.1882,Do Not Irrigate,"Synthetic label derived from temperature, soil moisture and humidity"
READ0627,39.81,24.87,95.0,0.3243,Irrigate,"Synthetic label derived from temperature, soil moisture and humidity"
READ0628,36.08,22.39,68.78,0.3505,Irrigate,"Synthetic label derived from temperature, soil moisture and humidity"
READ0629,62.68,27.73,61.49,0.1274,Do Not Irrigate,"Synthetic label derived from temperature, soil moisture and humidity"
READ0630,56.2,17.9,60.24,0.1147,Do Not Irrigate,"Synthetic label derived from temperature, soil moisture and humidity"
READ0631,57.45,42.0,67.41,0.3457,Irrigate,"Synthetic label derived from temperature, soil moisture and humidity"
READ0632,67.91,31.41,68.04,0.142,Do Not Irrigate,"Synthetic label derived from temperature, soil moisture and humidity"
READ0633,83.79,23.35,68.68,0.0,Do Not Irrigate,"Synthetic label derived from temperature, soil moisture and humidity"
READ0634,62.78,24.41,57.99,0.0721,Do Not Irrigate,"Synthetic label derived from temperature, soil moisture and humidity"
READ0635,68.66,33.59,48.05,0.2157,Do Not Irrigate,"Synthetic label derived from temperature, soil moisture and humidity"
READ0636,45.07,22.71,60.4,0.252,Do Not Irrigate,"Synthetic label derived from temperature, soil moisture and humidity"
READ0637,88.97,31.16,46.47,0.1682,Do Not Irrigate,"Synthetic label derived from temperature, soil moisture and humidity"
READ0638,69.3,39.44,43.97,0.2512,Do Not Irrigate,"Synthetic label derived from temperature, soil moisture and humidity"
READ0639,81.19,30.95,52.58,0.1798,Do Not Irrigate,"Synthetic label derived from temperature, soil moisture and humidity"
READ0640,18.1,29.02,66.93,0.6332,Irrigate,"Synthetic label derived from temperature, soil moisture and humidity"
READ0641,40.81,29.43,51.89,0.4163,Irrigate,"Synthetic label derived from temperature, soil moisture and humidity"
READ0642,42.47,26.96,51.05,0.3783,Irrigate,"Synthetic label derived from temperature, soil moisture and humidity"
READ0643,67.02,27.83,63.46,0.0443,Do Not Irrigate,"Synthetic label derived from temperature, soil moisture and humidity"
READ0644,50.8,28.75,94.45,0.1875,Do Not Irrigate,"Synthetic label derived from temperature, soil moisture and humidity"
READ0645,75.5,33.98,66.37,0.2173,Do Not Irrigate,"Synthetic label derived from temperature, soil moisture and humidity"
READ0646,60.21,30.95,62.36,0.2233,Do Not Irrigate,"Synthetic label derived from temperature, soil moisture and humidity"
READ0647,70.35,25.87,47.17,0.1034,Do Not Irrigate,"Synthetic label derived from temperature, soil moisture and humidity"
READ0648,43.8,28.68,77.85,0.2826,Irrigate,"Synthetic label derived from temperature, soil moisture and humidity"
READ0649,54.4,29.29,73.18,0.1272,Do Not Irrigate,"Synthetic label derived from temperature, soil moisture and humidity"
READ0650,46.51,30.06,77.4,0.2711,Irrigate,"Synthetic label derived from temperature, soil moisture and humidity"
READ0651,28.73,32.1,55.38,0.5314,Irrigate,"Synthetic label derived from temperature, soil moisture and humidity"
READ0652,46.26,28.08,55.74,0.2527,Do Not Irrigate,"Synthetic label derived from temperature, soil moisture and humidity"
READ0653,67.56,35.37,70.82,0.1364,Do Not Irrigate,"Synthetic label derived from temperature, soil moisture and humidity"
READ0654,52.18,28.97,70.19,0.2433,Do Not Irrigate,"Synthetic label derived from temperature, soil moisture and humidity"
READ0655,44.72,29.41,68.49,0.3596,Irrigate,"Synthetic label derived from temperature, soil moisture and humidity"
READ0656,64.86,32.95,64.01,0.201,Do Not Irrigate,"Synthetic label derived from temperature, soil moisture and humidity"
READ0657,60.74,24.69,79.84,0.0771,Do Not Irrigate,"Synthetic label derived from temperature, soil moisture and humidity"
READ0658,48.8,26.6,66.56,0.2521,Do Not Irrigate,"Synthetic label derived from temperature, soil moisture and humidity"
READ0659,57.76,30.56,83.4,0.2022,Do Not Irrigate,"Synthetic label derived from temperature, soil moisture and humidity"
READ0660,57.67,33.71,50.61,0.2999,Irrigate,"Synthetic label derived from temperature, soil moisture and humidity"
READ0661,80.33,27.91,52.83,0.1013,Do Not Irrigate,"Synthetic label derived from temperature, soil moisture and humidity"
READ0662,39.75,25.08,58.55,0.2976,Irrigate,"Synthetic label derived from temperature, soil moisture and humidity"
READ0663,55.22,33.51,52.11,0.3531,Irrigate,"Synthetic label derived from temperature, soil moisture and humidity"
READ0664,62.15,34.15,55.11,0.2574,Do Not Irrigate,"Synthetic label derived from temperature, soil moisture and humidity"
READ0665,39.71,33.45,65.06,0.4535,Irrigate,"Synthetic label derived from temperature, soil moisture and humidity"
READ0666,38.54,24.52,70.17,0.282,Irrigate,"Synthetic label derived from temperature, soil moisture and humidity"
READ0667,61.48,22.16,73.18,0.0068,Do Not Irrigate,"Synthetic label derived from temperature, soil moisture and humidity"
READ0668,62.73,32.13,54.64,0.2162,Do Not Irrigate,"Synthetic label derived from temperature, soil moisture and humidity"
READ0669,58.65,26.31,50.9,0.1148,Do Not Irrigate,"Synthetic label derived from temperature, soil moisture and humidity"
READ0670,59.9,21.18,64.14,0.0804,Do Not Irrigate,"Synthetic label derived from temperature, soil moisture and humidity"
READ0671,64.51,27.49,59.05,0.1237,Do Not Irrigate,"Synthetic label derived from temperature, soil moisture and humidity"
READ0672,59.69,30.58,68.63,0.1224,Do Not Irrigate,"Synthetic label derived from temperature, soil moisture and humidity"
READ0673,65.6,32.06,50.8,0.1773,Do Not Irrigate,"Synthetic label derived from temperature, soil moisture and humidity"
READ0674,54.45,28.33,67.01,0.2421,Do Not Irrigate,"Synthetic label derived from temperature, soil moisture and humidity"
READ0675,70.14,22.44,70.46,0.0535,Do Not Irrigate,"Synthetic label derived from temperature, soil moisture and humidity"
READ0676,60.42,34.45,87.15,0.2259,Do Not Irrigate,"Synthetic label derived from temperature, soil moisture and humidity"
READ0677,58.49,34.23,64.74,0.2445,Do Not Irrigate,"Synthetic label derived from temperature, soil moisture and humidity"
READ0678,50.08,36.82,53.18,0.4522,Irrigate,"Synthetic label derived from temperature, soil moisture and humidity"
READ0679,62.0,22.0,67.41,0.0,Do Not Irrigate,"Synthetic label derived from temperature, soil moisture and humidity"
READ0680,63.76,33.43,55.89,0.2055,Do Not Irrigate,"Synthetic label derived from temperature, soil moisture and humidity"
READ0681,82.36,26.47,50.29,0.1529,Do Not Irrigate,"Synthetic label derived from temperature, soil moisture and humidity"
READ0682,82.48,29.02,75.14,0.1099,Do Not Irrigate,"Synthetic label derived from temperature, soil moisture and humidity"
READ0683,44.61,26.57,77.77,0.3088,Irrigate,"Synthetic label derived from temperature, soil moisture and humidity"
READ0684,62.88,24.6,86.84,0.0155,Do Not Irrigate,"Synthetic label derived from temperature, soil moisture and humidity"
READ0685,50.31,30.71,81.65,0.2791,Irrigate,"Synthetic label derived from temperature, soil moisture and humidity"
READ0686,60.81,31.32,63.52,0.1985,Do Not Irrigate,"Synthetic label derived from temperature, soil moisture and humidity"
READ0687,19.59,27.52,65.9,0.5371,Irrigate,"Synthetic label derived from temperature, soil moisture and humidity"
READ0688,60.41,27.98,84.07,0.1525,Do Not Irrigate,"Synthetic label derived from temperature, soil moisture and humidity"
READ0689,48.48,28.25,62.11,0.2643,Irrigate,"Synthetic label derived from temperature, soil moisture and humidity"
READ0690,57.73,25.21,49.43,0.1915,Do Not Irrigate,"Synthetic label derived from temperature, soil moisture and humidity"
READ0691,63.81,24.98,73.74,0.0114,Do Not Irrigate,"Synthetic label derived from temperature, soil moisture and humidity"
READ0692,58.54,33.1,62.6,0.2477,Do Not Irrigate,"Synthetic label derived from temperature, soil moisture and humidity"
READ0693,47.77,28.02,60.53,0.2648,Irrigate,"Synthetic label derived from temperature, soil moisture and humidity"
READ0694,52.53,21.26,57.11,0.1812,Do Not Irrigate,"Synthetic label derived from temperature, soil moisture and humidity"
READ0695,51.41,27.79,62.26,0.2535,Do Not Irrigate,"Synthetic label derived from temperature, soil moisture and humidity"
READ0696,67.24,25.75,48.56,0.0724,Do Not Irrigate,"Synthetic label derived from temperature, soil moisture and humidity"
READ0697,48.18,27.24,53.76,0.2533,Do Not Irrigate,"Synthetic label derived from temperature, soil moisture and humidity"
READ0698,48.61,29.91,70.14,0.2587,Do Not Irrigate,"Synthetic label derived from temperature, soil moisture and humidity"
READ0699,49.22,24.37,62.62,0.1889,Do Not Irrigate,"Synthetic label derived from temperature, soil moisture and humidity"
READ0700,63.02,20.07,58.68,0.0795,Do Not Irrigate,"Synthetic label derived from temperature, soil moisture and humidity"
READ0701,57.57,42.0,67.2,0.3243,Irrigate,"Synthetic label derived from temperature, soil moisture and humidity"
READ0702,53.66,20.12,62.03,0.1376,Do Not Irrigate,"Synthetic label derived from temperature, soil moisture and humidity"
READ0703,67.82,26.25,61.6,0.0524,Do Not Irrigate,"Synthetic label derived from temperature, soil moisture and humidity"
READ0704,79.34,27.39,84.99,0.0716,Do Not Irrigate,"Synthetic label derived from temperature, soil moisture and humidity"
READ0705,61.75,30.84,67.73,0.0945,Do Not Irrigate,"Synthetic label derived from temperature, soil moisture and humidity"
READ0706,51.1,33.23,62.41,0.2754,Irrigate,"Synthetic label derived from temperature, soil moisture and humidity"
READ0707,54.27,37.52,77.96,0.303,Irrigate,"Synthetic label derived from temperature, soil moisture and humidity"
READ0708,68.32,27.17,42.55,0.1136,Do Not Irrigate,"Synthetic label derived from temperature, soil moisture and humidity"
READ0709,76.88,27.63,60.08,0.0862,Do Not Irrigate,"Synthetic label derived from temperature, soil moisture and humidity"
READ0710,81.66,37.13,89.63,0.1776,Do Not Irrigate,"Synthetic label derived from temperature, soil moisture and humidity"
READ0711,59.14,21.42,80.72,0.0289,Do Not Irrigate,"Synthetic label derived from temperature, soil moisture and humidity"
READ0712,58.03,23.51,55.93,0.1081,Do Not Irrigate,"Synthetic label derived from temperature, soil moisture and humidity"
READ0713,46.49,26.3,56.42,0.3147,Irrigate,"Synthetic label derived from temperature, soil moisture and humidity"
READ0714,39.53,30.1,77.62,0.3472,Irrigate,"Synthetic label derived from temperature, soil moisture and humidity"
READ0715,44.95,27.85,77.16,0.278,Irrigate,"Synthetic label derived from temperature, soil moisture and humidity"
READ0716,47.56,31.42,49.77,0.3894,Irrigate,"Synthetic label derived from temperature, soil moisture and humidity"
READ0717,60.72,27.46,52.94,0.1343,Do Not Irrigate,"Synthetic label derived from temperature, soil moisture and humidity"
READ0718,62.49,35.14,55.35,0.2549,Do Not Irrigate,"Synthetic label derived from temperature, soil moisture and humidity"
READ0719,25.78,26.08,62.63,0.4665,Irrigate,"Synthetic label derived from temperature, soil moisture and humidity"
READ0720,41.89,25.66,66.51,0.2951,Irrigate,"Synthetic label derived from temperature, soil moisture and humidity"
READ0721,23.66,18.4,55.72,0.5225,Irrigate,"Synthetic label derived from temperature, soil moisture and humidity"
READ0722,16.53,26.5,56.69,0.66,Irrigate,"Synthetic label derived from temperature, soil moisture and humidity"
READ0723,49.61,30.91,64.7,0.2309,Do Not Irrigate,"Synthetic label derived from temperature, soil moisture and humidity"
READ0724,65.75,30.08,69.1,0.2199,Do Not Irrigate,"Synthetic label derived from temperature, soil moisture and humidity"
READ0725,25.82,37.62,59.55,0.6716,Irrigate,"Synthetic label derived from temperature, soil moisture and humidity"
READ0726,54.36,26.88,56.16,0.2224,Do Not Irrigate,"Synthetic label derived from temperature, soil moisture and humidity"
READ0727,33.76,32.75,58.01,0.4795,Irrigate,"Synthetic label derived from temperature, soil moisture and humidity"
READ0728,48.7,35.29,56.58,0.4006,Irrigate,"Synthetic label derived from temperature, soil moisture and humidity"
READ0729,44.77,32.79,71.23,0.4096,Irrigate,"Synthetic label derived from temperature, soil moisture and humidity"
READ0730,52.54,32.34,64.18,0.3231,Irrigate,"Synthetic label derived from temperature, soil moisture and humidity"
READ0731,44.94,32.73,60.66,0.3811,Irrigate,"Synthetic label derived from temperature, soil moisture and humidity"
READ0732,56.28,30.26,61.61,0.2287,Do Not Irrigate,"Synthetic label derived from temperature, soil moisture and humidity"
READ0733,77.09,33.93,73.43,0.1289,Do Not Irrigate,"Synthetic label derived from temperature, soil moisture and humidity"
READ0734,42.55,33.78,73.51,0.4293,Irrigate,"Synthetic label derived from temperature, soil moisture and humidity"
READ0735,46.54,27.85,43.33,0.3381,Irrigate,"Synthetic label derived from temperature, soil moisture and humidity"
READ0736,68.95,26.67,70.69,0.0443,Do Not Irrigate,"Synthetic label derived from temperature, soil moisture and humidity"
READ0737,59.54,23.26,64.02,0.0028,Do Not Irrigate,"Synthetic label derived from temperature, soil moisture and humidity"
READ0738,52.38,20.85,77.47,0.161,Do Not Irrigate,"Synthetic label derived from temperature, soil moisture and humidity"
READ0739,61.53,36.61,51.61,0.3355,Irrigate,"Synthetic label derived from temperature, soil moisture and humidity"
READ0740,68.05,27.82,76.63,0.0198,Do Not Irrigate,"Synthetic label derived from temperature, soil moisture and humidity"
READ0741,43.46,25.96,56.65,0.2855,Irrigate,"Synthetic label derived from temperature, soil moisture and humidity"
READ0742,72.12,27.71,67.23,0.0577,Do Not Irrigate,"Synthetic label derived from temperature, soil moisture and humidity"
READ0743,29.51,30.35,40.05,0.5781,Irrigate,"Synthetic label derived from temperature, soil moisture and humidity"
READ0744,35.84,38.94,73.94,0.5319,Irrigate,"Synthetic label derived from temperature, soil moisture and humidity"
READ0745,72.69,24.77,69.52,0.0331,Do Not Irrigate,"Synthetic label derived from temperature, soil moisture and humidity"
READ0746,58.7,35.36,71.79,0.2449,Do Not Irrigate,"Synthetic label derived from temperature, soil moisture and humidity"
READ0747,31.83,24.2,61.53,0.4078,Irrigate,"Synthetic label derived from temperature, soil moisture and humidity"
READ0748,39.18,41.06,81.2,0.5367,Irrigate,"Synthetic label derived from temperature, soil moisture and humidity"
READ0749,56.01,27.94,51.58,0.2254,Do Not Irrigate,"Synthetic label derived from temperature, soil moisture and humidity"
READ0750,58.61,22.79,67.01,0.089,Do Not Irrigate,"Synthetic label derived from temperature, soil moisture and humidity"
READ0751,28.29,24.7,58.04,0.5177,Irrigate,"Synthetic label derived from temperature, soil moisture and humidity"
READ0752,62.79,22.32,68.83,0.0,Do Not Irrigate,"Synthetic label derived from temperature, soil moisture and humidity"
READ0753,70.16,26.64,61.88,0.1159,Do Not Irrigate,"Synthetic label derived from temperature, soil moisture and humidity"
READ0754,36.98,22.01,56.0,0.3938,Irrigate,"Synthetic label derived from temperature, soil moisture and humidity"
READ0755,33.73,15.0,57.59,0.4099,Irrigate,"Synthetic label derived from temperature, soil moisture and humidity"
READ0756,71.8,26.68,58.06,0.1227,Do Not Irrigate,"Synthetic label derived from temperature, soil moisture and humidity"
READ0757,28.82,27.06,65.29,0.4797,Irrigate,"Synthetic label derived from temperature, soil moisture and humidity"
READ0758,47.86,29.17,33.14,0.3646,Irrigate,"Synthetic label derived from temperature, soil moisture and humidity"
READ0759,61.35,24.09,63.71,0.0883,Do Not Irrigate,"Synthetic label derived from temperature, soil moisture and humidity"
READ0760,50.2,29.85,51.45,0.3071,Irrigate,"Synthetic label derived from temperature, soil moisture and humidity"
READ0761,63.54,29.78,55.96,0.1601,Do Not Irrigate,"Synthetic label derived from temperature, soil moisture and humidity"
READ0762,65.0,18.75,76.91,0.0,Do Not Irrigate,"Synthetic label derived from temperature, soil moisture and humidity"
READ0763,60.96,34.99,46.54,0.2608,Irrigate,"Synthetic label derived from temperature, soil moisture and humidity"
READ0764,50.96,25.08,83.82,0.1425,Do Not Irrigate,"Synthetic label derived from temperature, soil moisture and humidity"
READ0765,47.22,30.02,48.57,0.345,Irrigate,"Synthetic label derived from temperature, soil moisture and humidity"
READ0766,59.44,27.34,61.88,0.1304,Do Not Irrigate,"Synthetic label derived from temperature, soil moisture and humidity"
READ0767,33.8,30.61,84.06,0.4327,Irrigate,"Synthetic label derived from temperature, soil moisture and humidity"
READ0768,58.15,32.46,47.77,0.325,Irrigate,"Synthetic label derived from temperature, soil moisture and humidity"
READ0769,57.83,37.16,54.2,0.3779,Irrigate,"Synthetic label derived from temperature, soil moisture and humidity"
READ0770,65.85,31.77,65.81,0.128,Do Not Irrigate,"Synthetic label derived from temperature, soil moisture and humidity"
READ0771,71.81,29.7,39.4,0.1525,Do Not Irrigate,"Synthetic label derived from temperature, soil moisture and humidity"
READ0772,52.4,30.55,62.32,0.3031,Irrigate,"Synthetic label derived from temperature, soil moisture and humidity"
READ0773,27.68,29.72,41.18,0.6107,Irrigate,"Synthetic label derived from temperature, soil moisture and humidity"
READ0774,53.68,31.1,52.63,0.3276,Irrigate,"Synthetic label derived from temperature, soil moisture and humidity"
READ0775,69.58,31.92,61.45,0.168,Do Not Irrigate,"Synthetic label derived from temperature, soil moisture and humidity"
READ0776,45.1,33.28,82.79,0.378,Irrigate,"Synthetic label derived from temperature, soil moisture and humidity"
READ0777,44.79,30.81,47.48,0.4148,Irrigate,"Synthetic label derived from temperature, soil moisture and humidity"
READ0778,61.31,19.65,49.06,0.1096,Do Not Irrigate,"Synthetic label derived from temperature, soil moisture and humidity"
READ0779,50.79,22.95,67.67,0.1846,Do Not Irrigate,"Synthetic label derived from temperature, soil moisture and humidity"
READ0780,52.28,25.22,75.58,0.2054,Do Not Irrigate,"Synthetic label derived from temperature, soil moisture and humidity"
READ0781,48.23,25.94,68.89,0.2175,Do Not Irrigate,"Synthetic label derived from temperature, soil moisture and humidity"
READ0782,53.05,32.7,40.09,0.3955,Irrigate,"Synthetic label derived from temperature, soil moisture and humidity"
READ0783,56.02,26.94,61.93,0.1769,Do Not Irrigate,"Synthetic label derived from temperature, soil moisture and humidity"
READ0784,30.76,36.47,63.5,0.5946,Irrigate,"Synthetic label derived from temperature, soil moisture and humidity"
READ0785,68.32,23.89,68.68,0.0109,Do Not Irrigate,"Synthetic label derived from temperature, soil moisture and humidity"
READ0786,66.85,18.36,61.81,0.0215,Do Not Irrigate,"Synthetic label derived from temperature, soil moisture and humidity"
READ0787,61.05,31.35,54.51,0.1853,Do Not Irrigate,"Synthetic label derived from temperature, soil moisture and humidity"
READ0788,53.45,24.52,73.1,0.1278,Do Not Irrigate,"Synthetic label derived from temperature, soil moisture and humidity"
READ0789,14.3,27.13,50.54,0.6209,Irrigate,"Synthetic label derived from temperature, soil moisture and humidity"
READ0790,37.68,29.55,78.94,0.3845,Irrigate,"Synthetic label derived from temperature, soil moisture and humidity"
READ0791,46.51,31.28,57.49,0.3345,Irrigate,"Synthetic label derived from temperature, soil moisture and humidity"
READ0792,38.84,20.24,58.32,0.3402,Irrigate,"Synthetic label derived from temperature, soil moisture and humidity"
READ0793,53.65,26.92,51.65,0.2527,Do Not Irrigate,"Synthetic label derived from temperature, soil moisture and humidity"
READ0794,36.56,32.88,50.97,0.4831,Irrigate,"Synthetic label derived from temperature, soil moisture and humidity"
READ0795,34.47,26.49,74.7,0.3841,Irrigate,"Synthetic label derived from temperature, soil moisture and humidity"
READ0796,68.7,31.61,49.76,0.1715,Do Not Irrigate,"Synthetic label derived from temperature, soil moisture and humidity"
READ0797,44.08,35.65,48.64,0.496,Irrigate,"Synthetic label derived from temperature, soil moisture and humidity"
READ0798,67.5,38.15,58.08,0.2686,Irrigate,"Synthetic label derived from temperature, soil moisture and humidity"
READ0799,86.94,25.91,44.58,0.0614,Do Not Irrigate,"Synthetic label derived from temperature, soil moisture and humidity"
READ0800,64.98,19.58,58.53,0.0628,Do Not Irrigate,"Synthetic label derived from temperature, soil moisture and humidity"
READ0801,57.59,31.13,65.67,0.2462,Do Not Irrigate,"Synthetic label derived from temperature, soil moisture and humidity"
READ0802,41.67,25.62,53.73,0.3657,Irrigate,"Synthetic label derived from temperature, soil moisture and humidity"
READ0803,67.61,31.26,77.2,0.0654,Do Not Irrigate,"Synthetic label derived from temperature, soil moisture and humidity"
READ0804,78.34,36.62,71.83,0.2382,Do Not Irrigate,"Synthetic label derived from temperature, soil moisture and humidity"
READ0805,31.81,26.38,54.18,0.4792,Irrigate,"Synthetic label derived from temperature, soil moisture and humidity"
READ0806,40.3,32.79,79.45,0.4124,Irrigate,"Synthetic label derived from temperature, soil moisture and humidity"
READ0807,58.97,24.06,52.84,0.1706,Do Not Irrigate,"Synthetic label derived from temperature, soil moisture and humidity"
READ0808,65.91,28.8,57.99,0.057,Do Not Irrigate,"Synthetic label derived from temperature, soil moisture and humidity"
READ0809,40.01,38.56,47.63,0.5626,Irrigate,"Synthetic label derived from temperature, soil moisture and humidity"
READ0810,69.1,22.73,65.22,0.0575,Do Not Irrigate,"Synthetic label derived from temperature, soil moisture and humidity"
READ0811,55.17,42.0,42.98,0.485,Irrigate,"Synthetic label derived from temperature, soil moisture and humidity"
READ0812,52.58,32.86,68.3,0.2567,Do Not Irrigate,"Synthetic label derived from temperature, soil moisture and humidity"
READ0813,58.21,19.71,70.24,0.0973,Do Not Irrigate,"Synthetic label derived from temperature, soil moisture and humidity"
READ0814,63.94,34.29,67.41,0.1817,Do Not Irrigate,"Synthetic label derived from temperature, soil moisture and humidity"
READ0815,42.67,25.44,77.24,0.3067,Irrigate,"Synthetic label derived from temperature, soil moisture and humidity"
READ0816,51.67,29.23,52.14,0.3218,Irrigate,"Synthetic label derived from temperature, soil moisture and humidity"
READ0817,64.32,38.71,52.46,0.268,Irrigate,"Synthetic label derived from temperature, soil moisture and humidity"
READ0818,58.24,32.23,60.41,0.2057,Do Not Irrigate,"Synthetic label derived from temperature, soil moisture and humidity"
READ0819,67.34,32.61,52.0,0.2292,Do Not Irrigate,"Synthetic label derived from temperature, soil moisture and humidity"
READ0820,71.38,29.67,63.96,0.1285,Do Not Irrigate,"Synthetic label derived from temperature, soil moisture and humidity"
READ0821,42.94,29.15,37.17,0.452,Irrigate,"Synthetic label derived from temperature, soil moisture and humidity"
READ0822,33.14,36.52,59.04,0.563,Irrigate,"Synthetic label derived from temperature, soil moisture and humidity"
READ0823,46.21,27.56,80.02,0.1798,Do Not Irrigate,"Synthetic label derived from temperature, soil moisture and humidity"
READ0824,72.88,30.69,48.52,0.1401,Do Not Irrigate,"Synthetic label derived from temperature, soil moisture and humidity"
READ0825,78.47,24.27,49.16,0.1154,Do Not Irrigate,"Synthetic label derived from temperature, soil moisture and humidity"
READ0826,59.74,24.31,65.6,0.0591,Do Not Irrigate,"Synthetic label derived from temperature, soil moisture and humidity"
READ0827,70.41,34.31,69.38,0.1708,Do Not Irrigate,"Synthetic label derived from temperature, soil moisture and humidity"
READ0828,79.66,29.0,48.82,0.1615,Do Not Irrigate,"Synthetic label derived from temperature, soil moisture and humidity"
READ0829,84.2,23.93,58.66,0.0615,Do Not Irrigate,"Synthetic label derived from temperature, soil moisture and humidity"
READ0830,54.25,24.09,76.46,0.1882,Do Not Irrigate,"Synthetic label derived from temperature, soil moisture and humidity"
READ0831,57.75,24.48,44.41,0.1853,Do Not Irrigate,"Synthetic label derived from temperature, soil moisture and humidity"
READ0832,70.45,31.38,62.97,0.1209,Do Not Irrigate,"Synthetic label derived from temperature, soil moisture and humidity"
READ0833,39.71,33.17,73.97,0.36,Irrigate,"Synthetic label derived from temperature, soil moisture and humidity"
READ0834,77.26,31.87,79.8,0.069,Do Not Irrigate,"Synthetic label derived from temperature, soil moisture and humidity"
READ0835,35.88,28.26,69.03,0.4486,Irrigate,"Synthetic label derived from temperature, soil moisture and humidity"
READ0836,64.89,27.79,50.68,0.1637,Do Not Irrigate,"Synthetic label derived from temperature, soil moisture and humidity"
READ0837,41.49,37.14,59.59,0.5329,Irrigate,"Synthetic label derived from temperature, soil moisture and humidity"
READ0838,64.51,28.32,56.77,0.1098,Do Not Irrigate,"Synthetic label derived from temperature, soil moisture and humidity"
READ0839,61.0,29.39,55.87,0.1709,Do Not Irrigate,"Synthetic label derived from temperature, soil moisture and humidity"
READ0840,56.1,18.36,68.5,0.0872,Do Not Irrigate,"Synthetic label derived from temperature, soil moisture and humidity"
READ0841,38.85,20.56,41.47,0.3452,Irrigate,"Synthetic label derived from temperature, soil moisture and humidity"
READ0842,45.07,38.77,56.69,0.4827,Irrigate,"Synthetic label derived from temperature, soil moisture and humidity"
READ0843,60.61,29.66,62.07,0.1294,Do Not Irrigate,"Synthetic label derived from temperature, soil moisture and humidity"
READ0844,75.31,38.04,42.81,0.2608,Irrigate,"Synthetic label derived from temperature, soil moisture and humidity"
READ0845,51.08,24.18,69.07,0.1502,Do Not Irrigate,"Synthetic label derived from temperature, soil moisture and humidity"
READ0846,85.31,34.95,65.55,0.2113,Do Not Irrigate,"Synthetic label derived from temperature, soil moisture and humidity"
READ0847,70.48,26.18,53.21,0.098,Do Not Irrigate,"Synthetic label derived from temperature, soil moisture and humidity"
READ0848,67.06,29.7,44.08,0.1478,Do Not Irrigate,"Synthetic label derived from temperature, soil moisture and humidity"
READ0849,53.96,28.62,86.67,0.143,Do Not Irrigate,"Synthetic label derived from temperature, soil moisture and humidity"
READ0850,62.08,36.45,90.26,0.1926,Do Not Irrigate,"Synthetic label derived from temperature, soil moisture and humidity"
READ0851,61.88,31.85,65.35,0.169,Do Not Irrigate,"Synthetic label derived from temperature, soil moisture and humidity"
READ0852,61.1,16.34,71.18,0.0577,Do Not Irrigate,"Synthetic label derived from temperature, soil moisture and humidity"
READ0853,51.89,39.23,54.9,0.4029,Irrigate,"Synthetic label derived from temperature, soil moisture and humidity"
READ0854,82.88,24.84,56.4,0.0631,Do Not Irrigate,"Synthetic label derived from temperature, soil moisture and humidity"
READ0855,66.77,30.04,47.49,0.1504,Do Not Irrigate,"Synthetic label derived from temperature, soil moisture and humidity"
READ0856,46.5,28.61,68.11,0.2991,Irrigate,"Synthetic label derived from temperature, soil moisture and humidity"
READ0857,30.14,34.32,66.03,0.5921,Irrigate,"Synthetic label derived from temperature, soil moisture and humidity"
READ0858,61.22,34.51,68.6,0.2468,Do Not Irrigate,"Synthetic label derived from temperature, soil moisture and humidity"
READ0859,62.31,28.51,90.27,0.1186,Do Not Irrigate,"Synthetic label derived from temperature, soil moisture and humidity"
READ0860,63.03,22.62,47.54,0.1126,Do Not Irrigate,"Synthetic label derived from temperature, soil moisture and humidity"
READ0861,57.04,25.93,64.69,0.1922,Do Not Irrigate,"Synthetic label derived from temperature, soil moisture and humidity"
READ0862,64.74,23.29,61.66,0.0187,Do Not Irrigate,"Synthetic label derived from temperature, soil moisture and humidity"
READ0863,49.57,26.93,57.27,0.2246,Do Not Irrigate,"Synthetic label derived from temperature, soil moisture and humidity"
READ0864,53.21,26.2,27.85,0.3621,Irrigate,"Synthetic label derived from temperature, soil moisture and humidity"
READ0865,70.24,27.12,63.23,0.0435,Do Not Irrigate,"Synthetic label derived from temperature, soil moisture and humidity"
READ0866,78.74,38.49,64.88,0.2623,Irrigate,"Synthetic label derived from temperature, soil moisture and humidity"
READ0867,57.45,22.32,58.06,0.1371,Do Not Irrigate,"Synthetic label derived from temperature, soil moisture and humidity"
READ0868,48.64,27.91,61.9,0.2696,Irrigate,"Synthetic label derived from temperature, soil moisture and humidity"
READ0869,55.73,23.7,54.4,0.1244,Do Not Irrigate,"Synthetic label derived from temperature, soil moisture and humidity"
READ0870,68.69,18.47,76.84,0.0416,Do Not Irrigate,"Synthetic label derived from temperature, soil moisture and humidity"
READ0871,50.77,15.98,58.66,0.2023,Do Not Irrigate,"Synthetic label derived from temperature, soil moisture and humidity"
READ0872,40.85,26.42,81.36,0.3171,Irrigate,"Synthetic label derived from temperature, soil moisture and humidity"
READ0873,42.06,21.01,59.08,0.2917,Irrigate,"Synthetic label derived from temperature, soil moisture and humidity"
READ0874,61.95,26.32,69.14,0.1412,Do Not Irrigate,"Synthetic label derived from temperature, soil moisture and humidity"
READ0875,66.42,28.76,60.8,0.098,Do Not Irrigate,"Synthetic label derived from temperature, soil moisture and humidity"
READ0876,71.53,25.86,63.54,0.0618,Do Not Irrigate,"Synthetic label derived from temperature, soil moisture and humidity"
READ0877,47.98,22.14,66.88,0.2083,Do Not Irrigate,"Synthetic label derived from temperature, soil moisture and humidity"
READ0878,62.0,26.33,77.65,0.0388,Do Not Irrigate,"Synthetic label derived from temperature, soil moisture and humidity"
READ0879,78.97,20.26,68.22,0.0346,Do Not Irrigate,"Synthetic label derived from temperature, soil moisture and humidity"
READ0880,43.86,31.12,78.35,0.263,Irrigate,"Synthetic label derived from temperature, soil moisture and humidity"
READ0881,62.04,16.53,51.41,0.1519,Do Not Irrigate,"Synthetic label derived from temperature, soil moisture and humidity"
READ0882,46.86,23.13,60.62,0.3031,Irrigate,"Synthetic label derived from temperature, soil moisture and humidity"
READ0883,29.36,23.74,80.97,0.4446,Irrigate,"Synthetic label derived from temperature, soil moisture and humidity"
READ0884,53.55,22.8,88.15,0.1727,Do Not Irrigate,"Synthetic label derived from temperature, soil moisture and humidity"
READ0885,64.51,24.94,62.41,0.0514,Do Not Irrigate,"Synthetic label derived from temperature, soil moisture and humidity"
READ0886,59.63,36.26,73.55,0.2008,Do Not Irrigate,"Synthetic label derived from temperature, soil moisture and humidity"
READ0887,74.27,30.57,71.24,0.1465,Do Not Irrigate,"Synthetic label derived from temperature, soil moisture and humidity"
READ0888,39.44,28.82,56.62,0.3539,Irrigate,"Synthetic label derived from temperature, soil moisture and humidity"
READ0889,59.85,41.56,40.92,0.4013,Irrigate,"Synthetic label derived from temperature, soil moisture and humidity"
READ0890,63.97,29.62,61.64,0.0904,Do Not Irrigate,"Synthetic label derived from temperature, soil moisture and humidity"
READ0891,58.26,25.22,36.72,0.2411,Do Not Irrigate,"Synthetic label derived from temperature, soil moisture and humidity"
READ0892,68.42,29.26,65.75,0.133,Do Not Irrigate,"Synthetic label derived from temperature, soil moisture and humidity"
READ0893,58.14,33.52,59.43,0.2931,Irrigate,"Synthetic label derived from temperature, soil moisture and humidity"
READ0894,59.49,29.97,47.76,0.2333,Do Not Irrigate,"Synthetic label derived from temperature, soil moisture and humidity"
READ0895,43.35,25.81,53.22,0.2946,Irrigate,"Synthetic label derived from temperature, soil moisture and humidity"
READ0896,84.75,35.66,86.04,0.1252,Do Not Irrigate,"Synthetic label derived from temperature, soil moisture and humidity"
READ0897,56.0,22.53,54.65,0.1317,Do Not Irrigate,"Synthetic label derived from temperature, soil moisture and humidity"
READ0898,72.35,27.02,75.82,0.0601,Do Not Irrigate,"Synthetic label derived from temperature, soil moisture and humidity"
READ0899,87.25,21.6,78.11,0.0344,Do Not Irrigate,"Synthetic label derived from temperature, soil moisture and humidity"
READ0900,41.37,34.04,67.03,0.4142,Irrigate,"Synthetic label derived from temperature, soil moisture and humidity"
READ0901,43.46,25.4,87.6,0.2545,Do Not Irrigate,"Synthetic label derived from temperature, soil moisture and humidity"
READ0902,65.95,25.05,53.64,0.1111,Do Not Irrigate,"Synthetic label derived from temperature, soil moisture and humidity"
READ0903,36.11,26.92,63.41,0.3939,Irrigate,"Synthetic label derived from temperature, soil moisture and humidity"
READ0904,52.49,30.98,71.31,0.2665,Irrigate,"Synthetic label derived from temperature, soil moisture and humidity"
READ0905,41.2,27.58,77.34,0.3362,Irrigate,"Synthetic label derived from temperature, soil moisture and humidity"
READ0906,35.78,30.76,39.26,0.5212,Irrigate,"Synthetic label derived from temperature, soil moisture and humidity"
READ0907,81.57,24.26,52.99,0.0926,Do Not Irrigate,"Synthetic label derived from temperature, soil moisture and humidity"
READ0908,33.4,25.84,70.16,0.3657,Irrigate,"Synthetic label derived from temperature, soil moisture and humidity"
READ0909,51.7,32.72,68.06,0.2951,Irrigate,"Synthetic label derived from temperature, soil moisture and humidity"
READ0910,50.25,30.85,61.52,0.3102,Irrigate,"Synthetic label derived from temperature, soil moisture and humidity"
READ0911,48.04,28.09,51.12,0.3123,Irrigate,"Synthetic label derived from temperature, soil moisture and humidity"
READ0912,43.65,23.43,66.1,0.266,Irrigate,"Synthetic label derived from temperature, soil moisture and humidity"
READ0913,65.96,26.84,67.9,0.0773,Do Not Irrigate,"Synthetic label derived from temperature, soil moisture and humidity"
READ0914,61.23,24.87,64.79,0.0948,Do Not Irrigate,"Synthetic label derived from temperature, soil moisture and humidity"
READ0915,55.1,18.57,64.93,0.2046,Do Not Irrigate,"Synthetic label derived from temperature, soil moisture and humidity"
READ0916,49.96,25.36,67.48,0.2149,Do Not Irrigate,"Synthetic label derived from temperature, soil moisture and humidity"
READ0917,71.7,22.71,71.78,0.0274,Do Not Irrigate,"Synthetic label derived from temperature, soil moisture and humidity"
READ0918,53.01,30.69,75.35,0.2499,Do Not Irrigate,"Synthetic label derived from temperature, soil moisture and humidity"
READ0919,39.0,33.1,62.22,0.4506,Irrigate,"Synthetic label derived from temperature, soil moisture and humidity"
READ0920,56.02,28.25,77.3,0.1544,Do Not Irrigate,"Synthetic label derived from temperature, soil moisture and humidity"
READ0921,39.33,27.03,65.14,0.3886,Irrigate,"Synthetic label derived from temperature, soil moisture and humidity"
READ0922,63.44,24.75,92.82,0.0353,Do Not Irrigate,"Synthetic label derived from temperature, soil moisture and humidity"
READ0923,72.86,28.24,69.4,0.1009,Do Not Irrigate,"Synthetic label derived from temperature, soil moisture and humidity"
READ0924,72.05,34.29,73.47,0.138,Do Not Irrigate,"Synthetic label derived from temperature, soil moisture and humidity"
READ0925,47.0,30.66,74.2,0.2847,Irrigate,"Synthetic label derived from temperature, soil moisture and humidity"
READ0926,69.91,36.26,52.0,0.2142,Do Not Irrigate,"Synthetic label derived from temperature, soil moisture and humidity"
READ0927,53.03,30.54,56.71,0.3168,Irrigate,"Synthetic label derived from temperature, soil moisture and humidity"
READ0928,60.94,29.2,45.77,0.1647,Do Not Irrigate,"Synthetic label derived from temperature, soil moisture and humidity"
READ0929,58.93,18.34,75.15,0.0614,Do Not Irrigate,"Synthetic label derived from temperature, soil moisture and humidity"
READ0930,95.0,40.54,60.82,0.2691,Irrigate,"Synthetic label derived from temperature, soil moisture and humidity"
READ0931,68.94,37.52,43.34,0.2291,Do Not Irrigate,"Synthetic label derived from temperature, soil moisture and humidity"
READ0932,46.29,31.91,68.96,0.3642,Irrigate,"Synthetic label derived from temperature, soil moisture and humidity"
READ0933,38.2,17.42,73.3,0.2726,Irrigate,"Synthetic label derived from temperature, soil moisture and humidity"
READ0934,26.74,29.73,72.52,0.5007,Irrigate,"Synthetic label derived from temperature, soil moisture and humidity"
READ0935,48.59,28.2,58.55,0.2463,Do Not Irrigate,"Synthetic label derived from temperature, soil moisture and humidity"
READ0936,44.99,31.61,66.86,0.3533,Irrigate,"Synthetic label derived from temperature, soil moisture and humidity"
READ0937,41.07,28.09,36.88,0.4376,Irrigate,"Synthetic label derived from temperature, soil moisture and humidity"
READ0938,75.0,21.63,55.97,0.067,Do Not Irrigate,"Synthetic label derived from temperature, soil moisture and humidity"
READ0939,72.54,26.76,54.69,0.0402,Do Not Irrigate,"Synthetic label derived from temperature, soil moisture and humidity"
READ0940,56.45,39.21,66.33,0.3299,Irrigate,"Synthetic label derived from temperature, soil moisture and humidity"
READ0941,59.51,28.94,53.24,0.2185,Do Not Irrigate,"Synthetic label derived from temperature, soil moisture and humidity"
READ0942,58.16,29.09,51.3,0.2555,Do Not Irrigate,"Synthetic label derived from temperature, soil moisture and humidity"
READ0943,64.31,26.24,75.02,0.0237,Do Not Irrigate,"Synthetic label derived from temperature, soil moisture and humidity"
READ0944,44.05,25.2,41.75,0.3591,Irrigate,"Synthetic label derived from temperature, soil moisture and humidity"
READ0945,29.36,22.86,38.09,0.4969,Irrigate,"Synthetic label derived from temperature, soil moisture and humidity"
READ0946,52.9,27.37,50.49,0.2172,Do Not Irrigate,"Synthetic label derived from temperature, soil moisture and humidity"
READ0947,61.5,26.25,66.8,0.0674,Do Not Irrigate,"Synthetic label derived from temperature, soil moisture and humidity"
READ0948,57.53,35.52,70.03,0.2439,Do Not Irrigate,"Synthetic label derived from temperature, soil moisture and humidity"
READ0949,58.6,27.8,63.09,0.1485,Do Not Irrigate,"Synthetic label derived from temperature, soil moisture and humidity"
READ0950,52.7,30.06,51.08,0.2596,Do Not Irrigate,"Synthetic label derived from temperature, soil moisture and humidity"
READ0951,35.56,21.0,48.39,0.4058,Irrigate,"Synthetic label derived from temperature, soil moisture and humidity"
READ0952,42.5,31.57,63.42,0.3263,Irrigate,"Synthetic label derived from temperature, soil moisture and humidity"
READ0953,64.17,33.05,51.07,0.2192,Do Not Irrigate,"Synthetic label derived from temperature, soil moisture and humidity"
READ0954,43.01,29.49,47.83,0.3439,Irrigate,"Synthetic label derived from temperature, soil moisture and humidity"
READ0955,49.64,28.38,58.23,0.2432,Do Not Irrigate,"Synthetic label derived from temperature, soil moisture and humidity"
READ0956,49.4,30.35,62.46,0.3014,Irrigate,"Synthetic label derived from temperature, soil moisture and humidity"
READ0957,45.62,34.86,48.89,0.4552,Irrigate,"Synthetic label derived from temperature, soil moisture and humidity"
READ0958,71.55,31.4,60.57,0.1303,Do Not Irrigate,"Synthetic label derived from temperature, soil moisture and humidity"
READ0959,69.51,21.89,51.36,0.059,Do Not Irrigate,"Synthetic label derived from temperature, soil moisture and humidity"
READ0960,72.33,30.9,51.38,0.1574,Do Not Irrigate,"Synthetic label derived from temperature, soil moisture and humidity"
READ0961,46.4,25.45,74.75,0.1827,Do Not Irrigate,"Synthetic label derived from temperature, soil moisture and humidity"
READ0962,77.52,33.14,76.09,0.1131,Do Not Irrigate,"Synthetic label derived from temperature, soil moisture and humidity"
READ0963,52.9,21.83,56.7,0.2017,Do Not Irrigate,"Synthetic label derived from temperature, soil moisture and humidity"
READ0964,73.14,23.46,58.61,0.0446,Do Not Irrigate,"Synthetic label derived from temperature, soil moisture and humidity"
READ0965,35.46,31.96,54.31,0.489,Irrigate,"Synthetic label derived from temperature, soil moisture and humidity"
READ0966,48.67,25.05,62.92,0.2225,Do Not Irrigate,"Synthetic label derived from temperature, soil moisture and humidity"
READ0967,49.79,25.36,66.83,0.2588,Do Not Irrigate,"Synthetic label derived from temperature, soil moisture and humidity"
READ0968,56.96,33.98,46.32,0.3171,Irrigate,"Synthetic label derived from temperature, soil moisture and humidity"
READ0969,39.64,21.62,54.13,0.3751,Irrigate,"Synthetic label derived from temperature, soil moisture and humidity"
READ0970,68.3,30.22,44.61,0.1716,Do Not Irrigate,"Synthetic label derived from temperature, soil moisture and humidity"
READ0971,59.22,29.88,40.87,0.2203,Do Not Irrigate,"Synthetic label derived from temperature, soil moisture and humidity"
READ0972,54.1,31.68,36.65,0.3358,Irrigate,"Synthetic label derived from temperature, soil moisture and humidity"
READ0973,57.0,33.25,71.31,0.2442,Do Not Irrigate,"Synthetic label derived from temperature, soil moisture and humidity"
READ0974,43.8,19.46,58.28,0.3115,Irrigate,"Synthetic label derived from temperature, soil moisture and humidity"
READ0975,74.51,32.55,68.15,0.1507,Do Not Irrigate,"Synthetic label derived from temperature, soil moisture and humidity"
READ0976,47.21,28.35,83.03,0.2262,Do Not Irrigate,"Synthetic label derived from temperature, soil moisture and humidity"
READ0977,77.61,27.39,78.91,0.0049,Do Not Irrigate,"Synthetic label derived from temperature, soil moisture and humidity"
READ0978,63.2,25.32,46.02,0.1314,Do Not Irrigate,"Synthetic label derived from temperature, soil moisture and humidity"
READ0979,69.13,24.78,45.01,0.098,Do Not Irrigate,"Synthetic label derived from temperature, soil moisture and humidity"
READ0980,53.78,31.74,74.4,0.23,Do Not Irrigate,"Synthetic label derived from temperature, soil moisture and humidity"
READ0981,80.98,30.12,58.84,0.0851,Do Not Irrigate,"Synthetic label derived from temperature, soil moisture and humidity"
READ0982,51.32,27.32,74.52,0.2106,Do Not Irrigate,"Synthetic label derived from temperature, soil moisture and humidity"
READ0983,38.49,29.86,71.06,0.4283,Irrigate,"Synthetic label derived from temperature, soil moisture and humidity"
READ0984,67.43,32.8,63.72,0.1678,Do Not Irrigate,"Synthetic label derived from temperature, soil moisture and humidity"
READ0985,72.49,22.34,58.81,0.0254,Do Not Irrigate,"Synthetic label derived from temperature, soil moisture and humidity"
READ0986,60.31,35.15,55.84,0.1918,Do Not Irrigate,"Synthetic label derived from temperature, soil moisture and humidity"
READ0987,49.23,33.57,69.45,0.3344,Irrigate,"Synthetic label derived from temperature, soil moisture and humidity"
READ0988,51.08,22.6,69.18,0.1443,Do Not Irrigate,"Synthetic label derived from temperature, soil moisture and humidity"
READ0989,85.58,31.85,56.03,0.1476,Do Not Irrigate,"Synthetic label derived from temperature, soil moisture and humidity"
READ0990,53.7,27.8,76.4,0.1817,Do Not Irrigate,"Synthetic label derived from temperature, soil moisture and humidity"
READ0991,44.76,38.45,63.59,0.4788,Irrigate,"Synthetic label derived from temperature, soil moisture and humidity"
READ0992,46.48,30.82,66.73,0.2648,Irrigate,"Synthetic label derived from temperature, soil moisture and humidity"
READ0993,83.21,35.45,58.23,0.1763,Do Not Irrigate,"Synthetic label derived from temperature, soil moisture and humidity"
READ0994,59.87,29.43,67.27,0.1604,Do Not Irrigate,"Synthetic label derived from temperature, soil moisture and humidity"
READ0995,62.09,36.24,69.82,0.1858,Do Not Irrigate,"Synthetic label derived from temperature, soil moisture and humidity"
READ0996,74.08,37.2,95.0,0.1497,Do Not Irrigate,"Synthetic label derived from temperature, soil moisture and humidity"
READ0997,58.4,18.59,69.64,0.0716,Do Not Irrigate,"Synthetic label derived from temperature, soil moisture and humidity"
READ0998,81.93,25.13,42.73,0.0983,Do Not Irrigate,"Synthetic label derived from temperature, soil moisture and humidity"
READ0999,27.34,32.76,38.22,0.6436,Irrigate,"Synthetic label derived from temperature, soil moisture and humidity"
READ1000,25.91,27.4,82.72,0.4845,Irrigate,"Synthetic label derived from temperature, soil moisture and humidity"
READ1001,42.91,28.84,63.22,0.3578,Irrigate,"Synthetic label derived from temperature, soil moisture and humidity"
READ1002,35.86,31.96,30.55,0.5429,Irrigate,"Synthetic label derived from temperature, soil moisture and humidity"
READ1003,48.16,32.17,63.27,0.2901,Irrigate,"Synthetic label derived from temperature, soil moisture and humidity"
READ1004,41.21,29.99,62.05,0.3642,Irrigate,"Synthetic label derived from temperature, soil moisture and humidity"
READ1005,48.27,32.48,56.79,0.3523,Irrigate,"Synthetic label derived from temperature, soil moisture and humidity"
READ1006,85.38,21.88,40.78,0.1262,Do Not Irrigate,"Synthetic label derived from temperature, soil moisture and humidity"
READ1007,45.5,27.41,53.63,0.3164,Irrigate,"Synthetic label derived from temperature, soil moisture and humidity"
READ1008,77.38,33.01,73.35,0.0876,Do Not Irrigate,"Synthetic label derived from temperature, soil moisture and humidity"
READ1009,38.88,15.0,53.29,0.3787,Irrigate,"Synthetic label derived from temperature, soil moisture and humidity"
READ1010,62.24,27.89,62.73,0.1003,Do Not Irrigate,"Synthetic label derived from temperature, soil moisture and humidity"
READ1011,57.87,32.83,43.61,0.3036,Irrigate,"Synthetic label derived from temperature, soil moisture and humidity"
READ1012,68.05,26.92,71.41,0.1358,Do Not Irrigate,"Synthetic label derived from temperature, soil moisture and humidity"
READ1013,53.54,30.97,54.14,0.2898,Irrigate,"Synthetic label derived from temperature, soil moisture and humidity"
READ1014,61.44,29.97,50.76,0.2007,Do Not Irrigate,"Synthetic label derived from temperature, soil moisture and humidity"
READ1015,75.47,31.24,74.54,0.0949,Do Not Irrigate,"Synthetic label derived from temperature, soil moisture and humidity"
READ1016,65.5,30.4,51.59,0.1686,Do Not Irrigate,"Synthetic label derived from temperature, soil moisture and humidity"
READ1017,41.12,25.84,65.27,0.3241,Irrigate,"Synthetic label derived from temperature, soil moisture and humidity"
READ1018,38.35,34.27,69.86,0.4276,Irrigate,"Synthetic label derived from temperature, soil moisture and humidity"
READ1019,33.47,28.28,57.65,0.4588,Irrigate,"Synthetic label derived from temperature, soil moisture and humidity"
READ1020,49.92,18.96,58.34,0.2054,Do Not Irrigate,"Synthetic label derived from temperature, soil moisture and humidity"
READ1021,63.87,25.51,83.14,0.0,Do Not Irrigate,"Synthetic label derived from temperature, soil moisture and humidity"
READ1022,73.36,27.88,73.32,0.0613,Do Not Irrigate,"Synthetic label derived from temperature, soil moisture and humidity"
READ1023,70.95,27.06,49.82,0.1607,Do Not Irrigate,"Synthetic label derived from temperature, soil moisture and humidity"
READ1024,53.41,30.11,77.82,0.1803,Do Not Irrigate,"Synthetic label derived from temperature, soil moisture and humidity"
READ1025,63.34,26.05,61.41,0.0895,Do Not Irrigate,"Synthetic label derived from temperature, soil moisture and humidity"
READ1026,34.0,25.11,79.21,0.3802,Irrigate,"Synthetic label derived from temperature, soil moisture and humidity"
READ1027,54.12,30.22,59.47,0.2923,Irrigate,"Synthetic label derived from temperature, soil moisture and humidity"
READ1028,52.2,30.16,76.75,0.2019,Do Not Irrigate,"Synthetic label derived from temperature, soil moisture and humidity"
READ1029,76.82,21.35,82.56,0.0,Do Not Irrigate,"Synthetic label derived from temperature, soil moisture and humidity"
READ1030,51.6,19.55,57.54,0.1673,Do Not Irrigate,"Synthetic label derived from temperature, soil moisture and humidity"
READ1031,46.49,28.31,74.49,0.2696,Irrigate,"Synthetic label derived from temperature, soil moisture and humidity"
READ1032,59.31,23.52,52.43,0.1838,Do Not Irrigate,"Synthetic label derived from temperature, soil moisture and humidity"
READ1033,44.71,37.28,60.08,0.4507,Irrigate,"Synthetic label derived from temperature, soil moisture and humidity"
READ1034,69.99,35.36,61.67,0.1861,Do Not Irrigate,"Synthetic label derived from temperature, soil moisture and humidity"
READ1035,54.22,30.69,73.7,0.2146,Do Not Irrigate,"Synthetic label derived from temperature, soil moisture and humidity"
READ1036,63.66,37.19,67.58,0.2294,Do Not Irrigate,"Synthetic label derived from temperature, soil moisture and humidity"
READ1037,33.74,15.85,67.66,0.3602,Irrigate,"Synthetic label derived from temperature, soil moisture and humidity"
READ1038,47.79,30.22,62.28,0.3461,Irrigate,"Synthetic label derived from temperature, soil moisture and humidity"
READ1039,56.21,25.27,74.88,0.1074,Do Not Irrigate,"Synthetic label derived from temperature, soil moisture and humidity"
READ1040,62.37,26.61,55.2,0.1269,Do Not Irrigate,"Synthetic label derived from temperature, soil moisture and humidity"
READ1041,55.18,31.4,59.78,0.2005,Do Not Irrigate,"Synthetic label derived from temperature, soil moisture and humidity"
READ1042,48.94,32.97,59.43,0.3391,Irrigate,"Synthetic label derived from temperature, soil moisture and humidity"
READ1043,68.81,25.44,44.49,0.1067,Do Not Irrigate,"Synthetic label derived from temperature, soil moisture and humidity"
READ1044,48.22,24.17,60.9,0.2424,Do Not Irrigate,"Synthetic label derived from temperature, soil moisture and humidity"
READ1045,54.87,30.53,84.76,0.191,Do Not Irrigate,"Synthetic label derived from temperature, soil moisture and humidity"
READ1046,58.9,26.45,52.84,0.1496,Do Not Irrigate,"Synthetic label derived from temperature, soil moisture and humidity"
READ1047,48.3,30.8,91.19,0.2551,Do Not Irrigate,"Synthetic label derived from temperature, soil moisture and humidity"
READ1048,49.17,28.68,67.75,0.2674,Irrigate,"Synthetic label derived from temperature, soil moisture and humidity"
READ1049,72.98,16.87,34.36,0.1071,Do Not Irrigate,"Synthetic label derived from temperature, soil moisture and humidity"
READ1050,70.36,21.17,26.91,0.1614,Do Not Irrigate,"Synthetic label derived from temperature, soil moisture and humidity"
READ1051,58.41,23.55,51.17,0.1143,Do Not Irrigate,"Synthetic label derived from temperature, soil moisture and humidity"
READ1052,56.55,25.87,68.93,0.0507,Do Not Irrigate,"Synthetic label derived from temperature, soil moisture and humidity"
READ1053,43.0,23.37,59.92,0.269,Irrigate,"Synthetic label derived from temperature, soil moisture and humidity"
READ1054,66.17,19.7,63.55,0.0511,Do Not Irrigate,"Synthetic label derived from temperature, soil moisture and humidity"
READ1055,80.99,26.59,66.89,0.0062,Do Not Irrigate,"Synthetic label derived from temperature, soil moisture and humidity"
READ1056,21.51,33.22,62.93,0.6741,Irrigate,"Synthetic label derived from temperature, soil moisture and humidity"
READ1057,35.77,31.6,85.43,0.437,Irrigate,"Synthetic label derived from temperature, soil moisture and humidity"
READ1058,58.87,29.04,44.15,0.2701,Irrigate,"Synthetic label derived from temperature, soil moisture and humidity"
READ1059,46.45,31.52,44.24,0.3637,Irrigate,"Synthetic label derived from temperature, soil moisture and humidity"
READ1060,75.09,27.26,80.44,0.043,Do Not Irrigate,"Synthetic label derived from temperature, soil moisture and humidity"
READ1061,29.21,33.46,55.92,0.6,Irrigate,"Synthetic label derived from temperature, soil moisture and humidity"
READ1062,55.35,21.28,64.97,0.2012,Do Not Irrigate,"Synthetic label derived from temperature, soil moisture and humidity"
READ1063,61.9,28.71,75.9,0.1056,Do Not Irrigate,"Synthetic label derived from temperature, soil moisture and humidity"
READ1064,57.93,23.54,65.81,0.1357,Do Not Irrigate,"Synthetic label derived from temperature, soil moisture and humidity"
READ1065,43.3,36.12,61.9,0.4178,Irrigate,"Synthetic label derived from temperature, soil moisture and humidity"
READ1066,68.97,27.57,72.11,0.0494,Do Not Irrigate,"Synthetic label derived from temperature, soil moisture and humidity"
READ1067,54.16,31.47,66.49,0.1876,Do Not Irrigate,"Synthetic label derived from temperature, soil moisture and humidity"
READ1068,39.3,33.65,61.41,0.4394,Irrigate,"Synthetic label derived from temperature, soil moisture and humidity"
READ1069,35.98,23.6,38.74,0.4223,Irrigate,"Synthetic label derived from temperature, soil moisture and humidity"
READ1070,46.62,24.17,62.18,0.2522,Do Not Irrigate,"Synthetic label derived from temperature, soil moisture and humidity"
READ1071,84.3,21.44,76.91,0.0292,Do Not Irrigate,"Synthetic label derived from temperature, soil moisture and humidity"
READ1072,44.09,30.02,57.51,0.3697,Irrigate,"Synthetic label derived from temperature, soil moisture and humidity"
READ1073,76.13,32.03,69.1,0.1163,Do Not Irrigate,"Synthetic label derived from temperature, soil moisture and humidity"
READ1074,34.22,27.96,77.48,0.3449,Irrigate,"Synthetic label derived from temperature, soil moisture and humidity"
READ1075,40.23,29.63,51.18,0.3961,Irrigate,"Synthetic label derived from temperature, soil moisture and humidity"
READ1076,49.07,22.17,51.31,0.266,Irrigate,"Synthetic label derived from temperature, soil moisture and humidity"
READ1077,36.7,21.01,55.44,0.3894,Irrigate,"Synthetic label derived from temperature, soil moisture and humidity"
READ1078,52.24,26.68,63.53,0.1584,Do Not Irrigate,"Synthetic label derived from temperature, soil moisture and humidity"
READ1079,61.93,30.92,58.09,0.2105,Do Not Irrigate,"Synthetic label derived from temperature, soil moisture and humidity"
READ1080,39.22,34.64,64.85,0.4494,Irrigate,"Synthetic label derived from temperature, soil moisture and humidity"
READ1081,54.72,28.46,77.64,0.1418,Do Not Irrigate,"Synthetic label derived from temperature, soil moisture and humidity"
READ1082,44.32,34.18,55.85,0.4514,Irrigate,"Synthetic label derived from temperature, soil moisture and humidity"
READ1083,78.79,26.99,71.18,0.0184,Do Not Irrigate,"Synthetic label derived from temperature, soil moisture and humidity"
READ1084,65.57,30.0,68.68,0.0829,Do Not Irrigate,"Synthetic label derived from temperature, soil moisture and humidity"
READ1085,31.74,31.52,38.24,0.5679,Irrigate,"Synthetic label derived from temperature, soil moisture and humidity"
READ1086,68.18,29.96,86.38,0.1135,Do Not Irrigate,"Synthetic label derived from temperature, soil moisture and humidity"
READ1087,45.85,29.14,62.43,0.2705,Irrigate,"Synthetic label derived from temperature, soil moisture and humidity"
READ1088,41.83,26.2,38.57,0.3939,Irrigate,"Synthetic label derived from temperature, soil moisture and humidity"
READ1089,51.51,20.64,67.85,0.1901,Do Not Irrigate,"Synthetic label derived from temperature, soil moisture and humidity"
READ1090,58.18,27.38,70.1,0.1565,Do Not Irrigate,"Synthetic label derived from temperature, soil moisture and humidity"
READ1091,59.3,24.88,66.32,0.1362,Do Not Irrigate,"Synthetic label derived from temperature, soil moisture and humidity"
READ1092,46.65,39.49,56.69,0.4712,Irrigate,"Synthetic label derived from temperature, soil moisture and humidity"
READ1093,45.59,30.12,42.09,0.3791,Irrigate,"Synthetic label derived from temperature, soil moisture and humidity"
READ1094,39.71,29.68,74.93,0.3743,Irrigate,"Synthetic label derived from temperature, soil moisture and humidity"
READ1095,21.8,39.21,66.54,0.6846,Irrigate,"Synthetic label derived from temperature, soil moisture and humidity"
READ1096,57.2,29.88,55.0,0.2327,Do Not Irrigate,"Synthetic label derived from temperature, soil moisture and humidity"
READ1097,46.5,26.98,54.76,0.261,Irrigate,"Synthetic label derived from temperature, soil moisture and humidity"
READ1098,57.04,31.93,69.18,0.239,Do Not Irrigate,"Synthetic label derived from temperature, soil moisture and humidity"
READ1099,59.54,26.34,73.08,0.0571,Do Not Irrigate,"Synthetic label derived from temperature, soil moisture and humidity"
READ1100,42.39,24.18,75.96,0.2774,Irrigate,"Synthetic label derived from temperature, soil moisture and humidity"
READ1101,61.82,34.36,52.45,0.2567,Do Not Irrigate,"Synthetic label derived from temperature, soil moisture and humidity"
READ1102,53.25,33.23,61.62,0.2851,Irrigate,"Synthetic label derived from temperature, soil moisture and humidity"
READ1103,62.57,33.38,54.98,0.215,Do Not Irrigate,"Synthetic label derived from temperature, soil moisture and humidity"
READ1104,40.18,16.51,65.41,0.3178,Irrigate,"Synthetic label derived from temperature, soil moisture and humidity"
READ1105,58.67,19.25,58.79,0.0511,Do Not Irrigate,"Synthetic label derived from temperature, soil moisture and humidity"
READ1106,74.18,23.57,78.06,0.0284,Do Not Irrigate,"Synthetic label derived from temperature, soil moisture and humidity"
READ1107,42.39,23.34,67.2,0.2447,Do Not Irrigate,"Synthetic label derived from temperature, soil moisture and humidity"
READ1108,56.43,26.59,41.63,0.1626,Do Not Irrigate,"Synthetic label derived from temperature, soil moisture and humidity"
READ1109,58.17,26.19,56.36,0.1817,Do Not Irrigate,"Synthetic label derived from temperature, soil moisture and humidity"
READ1110,71.43,27.64,58.91,0.1138,Do Not Irrigate,"Synthetic label derived from temperature, soil moisture and humidity"
READ1111,36.0,30.12,69.62,0.4378,Irrigate,"Synthetic label derived from temperature, soil moisture and humidity"
READ1112,27.89,25.19,52.46,0.4921,Irrigate,"Synthetic label derived from temperature, soil moisture and humidity"
READ1113,61.73,36.48,57.06,0.2479,Do Not Irrigate,"Synthetic label derived from temperature, soil moisture and humidity"
READ1114,71.1,30.48,78.21,0.0987,Do Not Irrigate,"Synthetic label derived from temperature, soil moisture and humidity"
READ1115,38.8,22.33,44.38,0.3975,Irrigate,"Synthetic label derived from temperature, soil moisture and humidity"
READ1116,71.64,38.25,73.12,0.2384,Do Not Irrigate,"Synthetic label derived from temperature, soil moisture and humidity"
READ1117,46.88,23.22,73.2,0.2156,Do Not Irrigate,"Synthetic label derived from temperature, soil moisture and humidity"
READ1118,56.5,30.94,66.88,0.2519,Do Not Irrigate,"Synthetic label derived from temperature, soil moisture and humidity"
READ1119,73.13,31.72,73.15,0.1282,Do Not Irrigate,"Synthetic label derived from temperature, soil moisture and humidity"
READ1120,48.54,32.78,46.27,0.4193,Irrigate,"Synthetic label derived from temperature, soil moisture and humidity"
READ1121,38.28,30.43,52.86,0.4638,Irrigate,"Synthetic label derived from temperature, soil moisture and humidity"
READ1122,54.53,21.03,68.05,0.1178,Do Not Irrigate,"Synthetic label derived from temperature, soil moisture and humidity"
READ1123,67.34,29.01,67.75,0.0626,Do Not Irrigate,"Synthetic label derived from temperature, soil moisture and humidity"
READ1124,46.75,26.71,73.28,0.2922,Irrigate,"Synthetic label derived from temperature, soil moisture and humidity"
READ1125,43.73,34.38,36.96,0.4546,Irrigate,"Synthetic label derived from temperature, soil moisture and humidity"
READ1126,41.58,22.24,44.0,0.3609,Irrigate,"Synthetic label derived from temperature, soil moisture and humidity"
READ1127,52.0,30.9,71.29,0.2567,Do Not Irrigate,"Synthetic label derived from temperature, soil moisture and humidity"
READ1128,64.21,28.65,48.76,0.1837,Do Not Irrigate,"Synthetic label derived from temperature, soil moisture and humidity"
READ1129,46.75,24.32,60.86,0.2186,Do Not Irrigate,"Synthetic label derived from temperature, soil moisture and humidity"
READ1130,49.16,30.72,67.18,0.2627,Irrigate,"Synthetic label derived from temperature, soil moisture and humidity"
READ1131,48.17,34.37,68.96,0.408,Irrigate,"Synthetic label derived from temperature, soil moisture and humidity"
READ1132,71.52,34.72,46.35,0.2578,Do Not Irrigate,"Synthetic label derived from temperature, soil moisture and humidity"
READ1133,54.26,26.25,65.02,0.2067,Do Not Irrigate,"Synthetic label derived from temperature, soil moisture and humidity"
READ1134,62.01,24.61,71.91,0.0312,Do Not Irrigate,"Synthetic label derived from temperature, soil moisture and humidity"
READ1135,58.03,27.48,60.37,0.1912,Do Not Irrigate,"Synthetic label derived from temperature, soil moisture and humidity"
READ1136,40.44,38.73,41.15,0.5561,Irrigate,"Synthetic label derived from temperature, soil moisture and humidity"
READ1137,60.18,31.92,61.79,0.2005,Do Not Irrigate,"Synthetic label derived from temperature, soil moisture and humidity"
READ1138,60.75,27.84,79.72,0.125,Do Not Irrigate,"Synthetic label derived from temperature, soil moisture and humidity"
READ1139,67.22,24.17,62.05,0.0322,Do Not Irrigate,"Synthetic label derived from temperature, soil moisture and humidity"
READ1140,40.92,30.8,56.55,0.4321,Irrigate,"Synthetic label derived from temperature, soil moisture and humidity"
READ1141,40.02,37.6,52.24,0.5362,Irrigate,"Synthetic label derived from temperature, soil moisture and humidity"
READ1142,66.09,26.15,73.23,0.0,Do Not Irrigate,"Synthetic label derived from temperature, soil moisture and humidity"
READ1143,75.33,29.07,55.84,0.1189,Do Not Irrigate,"Synthetic label derived from temperature, soil moisture and humidity"
READ1144,66.32,26.08,54.01,0.0852,Do Not Irrigate,"Synthetic label derived from temperature, soil moisture and humidity"
READ1145,38.52,38.1,56.2,0.5661,Irrigate,"Synthetic label derived from temperature, soil moisture and humidity"
READ1146,57.93,24.08,62.93,0.1379,Do Not Irrigate,"Synthetic label derived from temperature, soil moisture and humidity"
READ1147,52.36,34.97,75.26,0.3177,Irrigate,"Synthetic label derived from temperature, soil moisture and humidity"
READ1148,48.56,23.6,55.64,0.2433,Do Not Irrigate,"Synthetic label derived from temperature, soil moisture and humidity"
READ1149,62.64,18.14,62.9,0.0668,Do Not Irrigate,"Synthetic label derived from temperature, soil moisture and humidity"
READ1150,51.11,35.46,68.06,0.3707,Irrigate,"Synthetic label derived from temperature, soil moisture and humidity"
READ1151,51.98,33.69,82.62,0.316,Irrigate,"Synthetic label derived from temperature, soil moisture and humidity"
READ1152,39.71,27.73,58.86,0.3908,Irrigate,"Synthetic label derived from temperature, soil moisture and humidity"
READ1153,64.61,24.81,63.81,0.0,Do Not Irrigate,"Synthetic label derived from temperature, soil moisture and humidity"
READ1154,75.19,26.44,63.67,0.0586,Do Not Irrigate,"Synthetic label derived from temperature, soil moisture and humidity"
READ1155,71.04,15.0,62.8,0.0334,Do Not Irrigate,"Synthetic label derived from temperature, soil moisture and humidity"
READ1156,48.65,37.63,52.35,0.4588,Irrigate,"Synthetic label derived from temperature, soil moisture and humidity"
READ1157,59.99,35.31,54.99,0.2498,Do Not Irrigate,"Synthetic label derived from temperature, soil moisture and humidity"
READ1158,70.34,31.13,44.46,0.1744,Do Not Irrigate,"Synthetic label derived from temperature, soil moisture and humidity"
READ1159,60.41,33.19,54.85,0.1507,Do Not Irrigate,"Synthetic label derived from temperature, soil moisture and humidity"
READ1160,62.33,22.9,38.79,0.0528,Do Not Irrigate,"Synthetic label derived from temperature, soil moisture and humidity"
READ1161,66.4,29.64,60.29,0.1642,Do Not Irrigate,"Synthetic label derived from temperature, soil moisture and humidity"
READ1162,63.92,37.08,46.29,0.2785,Irrigate,"Synthetic label derived from temperature, soil moisture and humidity"
READ1163,32.37,27.85,60.02,0.4733,Irrigate,"Synthetic label derived from temperature, soil moisture and humidity"
READ1164,55.64,32.12,71.44,0.2902,Irrigate,"Synthetic label derived from temperature, soil moisture and humidity"
READ1165,50.59,24.29,65.95,0.1644,Do Not Irrigate,"Synthetic label derived from temperature, soil moisture and humidity"
READ1166,75.75,27.58,56.21,0.092,Do Not Irrigate,"Synthetic label derived from temperature, soil moisture and humidity"
READ1167,65.06,28.21,55.3,0.1676,Do Not Irrigate,"Synthetic label derived from temperature, soil moisture and humidity"
READ1168,43.01,29.18,70.83,0.2753,Irrigate,"Synthetic label derived from temperature, soil moisture and humidity"
READ1169,61.72,23.72,72.87,0.0132,Do Not Irrigate,"Synthetic label derived from temperature, soil moisture and humidity"
READ1170,64.7,34.53,73.34,0.1621,Do Not Irrigate,"Synthetic label derived from temperature, soil moisture and humidity"
READ1171,51.76,26.12,80.65,0.1528,Do Not Irrigate,"Synthetic label derived from temperature, soil moisture and humidity"
READ1172,40.48,32.33,53.45,0.4193,Irrigate,"Synthetic label derived from temperature, soil moisture and humidity"
READ1173,34.79,26.59,62.01,0.4117,Irrigate,"Synthetic label derived from temperature, soil moisture and humidity"
READ1174,68.32,31.63,60.71,0.143,Do Not Irrigate,"Synthetic label derived from temperature, soil moisture and humidity"
READ1175,62.14,35.36,64.52,0.2064,Do Not Irrigate,"Synthetic label derived from temperature, soil moisture and humidity"
READ1176,41.1,21.77,71.0,0.2901,Irrigate,"Synthetic label derived from temperature, soil moisture and humidity"
READ1177,63.08,28.36,79.88,0.0669,Do Not Irrigate,"Synthetic label derived from temperature, soil moisture and humidity"
READ1178,68.37,28.81,55.7,0.1424,Do Not Irrigate,"Synthetic label derived from temperature, soil moisture and humidity"
READ1179,60.73,30.78,63.98,0.1727,Do Not Irrigate,"Synthetic label derived from temperature, soil moisture and humidity"
READ1180,88.44,34.92,71.67,0.165,Do Not Irrigate,"Synthetic label derived from temperature, soil moisture and humidity"
READ1181,69.1,31.59,63.31,0.1314,Do Not Irrigate,"Synthetic label derived from temperature, soil moisture and humidity"
READ1182,53.87,15.0,65.53,0.1352,Do Not Irrigate,"Synthetic label derived from temperature, soil moisture and humidity"
READ1183,77.3,29.1,48.73,0.1481,Do Not Irrigate,"Synthetic label derived from temperature, soil moisture and humidity"
READ1184,40.35,31.37,66.49,0.4254,Irrigate,"Synthetic label derived from temperature, soil moisture and humidity"
READ1185,43.93,29.17,46.62,0.4079,Irrigate,"Synthetic label derived from temperature, soil moisture and humidity"
READ1186,62.26,31.48,63.02,0.1821,Do Not Irrigate,"Synthetic label derived from temperature, soil moisture and humidity"
READ1187,77.46,27.57,64.66,0.0481,Do Not Irrigate,"Synthetic label derived from temperature, soil moisture and humidity"
READ1188,42.84,29.49,76.25,0.3102,Irrigate,"Synthetic label derived from temperature, soil moisture and humidity"
READ1189,51.7,26.97,56.58,0.2504,Do Not Irrigate,"Synthetic label derived from temperature, soil moisture and humidity"
READ1190,34.04,35.4,55.01,0.5778,Irrigate,"Synthetic label derived from temperature, soil moisture and humidity"
READ1191,37.22,32.34,71.06,0.4423,Irrigate,"Synthetic label derived from temperature, soil moisture and humidity"
READ1192,41.08,30.25,48.8,0.4187,Irrigate,"Synthetic label derived from temperature, soil moisture and humidity"
READ1193,69.41,32.98,63.18,0.131,Do Not Irrigate,"Synthetic label derived from temperature, soil moisture and humidity"
READ1194,64.04,29.1,35.16,0.2243,Do Not Irrigate,"Synthetic label derived from temperature, soil moisture and humidity"
READ1195,54.66,35.01,49.86,0.2459,Do Not Irrigate,"Synthetic label derived from temperature, soil moisture and humidity"
READ1196,58.91,30.46,42.71,0.2237,Do Not Irrigate,"Synthetic label derived from temperature, soil moisture and humidity"
READ1197,93.57,27.47,71.77,0.0384,Do Not Irrigate,"Synthetic label derived from temperature, soil moisture and humidity"
READ1198,25.74,28.15,59.81,0.5195,Irrigate,"Synthetic label derived from temperature, soil moisture and humidity"
READ1199,53.4,30.32,61.2,0.2179,Do Not Irrigate,"Synthetic label derived from temperature, soil moisture and humidity"
READ1200,61.81,19.25,38.4,0.1668,Do Not Irrigate,"Synthetic label derived from temperature, soil moisture and humidity"
READ1201,62.1,28.71,46.25,0.1621,Do Not Irrigate,"Synthetic label derived from temperature, soil moisture and humidity"
READ1202,51.32,21.02,54.13,0.2314,Do Not Irrigate,"Synthetic label derived from temperature, soil moisture and humidity"
READ1203,74.98,26.9,72.08,0.0,Do Not Irrigate,"Synthetic label derived from temperature, soil moisture and humidity"
READ1204,64.23,24.98,66.69,0.0395,Do Not Irrigate,"Synthetic label derived from temperature, soil moisture and humidity"
READ1205,73.49,24.63,70.53,0.0137,Do Not Irrigate,"Synthetic label derived from temperature, soil moisture and humidity"
READ1206,52.78,28.08,52.85,0.256,Do Not Irrigate,"Synthetic label derived from temperature, soil moisture and humidity"
READ1207,54.12,30.21,64.01,0.2618,Irrigate,"Synthetic label derived from temperature, soil moisture and humidity"
READ1208,67.93,23.75,73.43,0.0,Do Not Irrigate,"Synthetic label derived from temperature, soil moisture and humidity"
READ1209,63.23,32.1,40.06,0.2394,Do Not Irrigate,"Synthetic label derived from temperature, soil moisture and humidity"
READ1210,48.44,25.21,79.21,0.1778,Do Not Irrigate,"Synthetic label derived from temperature, soil moisture and humidity"
READ1211,43.71,29.38,71.23,0.314,Irrigate,"Synthetic label derived from temperature, soil moisture and humidity"
READ1212,71.33,31.65,36.86,0.2048,Do Not Irrigate,"Synthetic label derived from temperature, soil moisture and humidity"
READ1213,47.13,31.4,31.5,0.5046,Irrigate,"Synthetic label derived from temperature, soil moisture and humidity"
READ1214,62.43,29.74,77.18,0.1781,Do Not Irrigate,"Synthetic label derived from temperature, soil moisture and humidity"
READ1215,67.19,33.74,64.57,0.1624,Do Not Irrigate,"Synthetic label derived from temperature, soil moisture and humidity"
READ1216,48.34,24.87,54.76,0.214,Do Not Irrigate,"Synthetic label derived from temperature, soil moisture and humidity"
READ1217,53.94,20.58,65.29,0.1487,Do Not Irrigate,"Synthetic label derived from temperature, soil moisture and humidity"
READ1218,57.06,26.39,95.0,0.1606,Do Not Irrigate,"Synthetic label derived from temperature, soil moisture and humidity"
READ1219,37.58,30.16,55.7,0.4122,Irrigate,"Synthetic label derived from temperature, soil moisture and humidity"
READ1220,36.24,31.16,54.82,0.5028,Irrigate,"Synthetic label derived from temperature, soil moisture and humidity"
READ1221,68.91,35.87,52.77,0.2458,Do Not Irrigate,"Synthetic label derived from temperature, soil moisture and humidity"
READ1222,63.85,26.63,53.74,0.1611,Do Not Irrigate,"Synthetic label derived from temperature, soil moisture and humidity"
READ1223,58.18,32.18,53.14,0.217,Do Not Irrigate,"Synthetic label derived from temperature, soil moisture and humidity"
READ1224,47.03,28.38,50.23,0.3309,Irrigate,"Synthetic label derived from temperature, soil moisture and humidity"
READ1225,31.36,23.4,71.05,0.3969,Irrigate,"Synthetic label derived from temperature, soil moisture and humidity"
READ1226,49.51,23.91,50.67,0.2307,Do Not Irrigate,"Synthetic label derived from temperature, soil moisture and humidity"
READ1227,64.02,33.64,57.04,0.1638,Do Not Irrigate,"Synthetic label derived from temperature, soil moisture and humidity"
READ1228,58.75,24.88,56.78,0.1749,Do Not Irrigate,"Synthetic label derived from temperature, soil moisture and humidity"
READ1229,66.58,29.79,47.74,0.1685,Do Not Irrigate,"Synthetic label derived from temperature, soil moisture and humidity"
READ1230,69.88,27.12,79.21,0.0821,Do Not Irrigate,"Synthetic label derived from temperature, soil moisture and humidity"
READ1231,78.29,30.53,70.05,0.1479,Do Not Irrigate,"Synthetic label derived from temperature, soil moisture and humidity"
READ1232,61.26,26.49,57.62,0.1347,Do Not Irrigate,"Synthetic label derived from temperature, soil moisture and humidity"
READ1233,36.93,28.28,76.16,0.3,Irrigate,"Synthetic label derived from temperature, soil moisture and humidity"
READ1234,76.48,34.61,57.48,0.2162,Do Not Irrigate,"Synthetic label derived from temperature, soil moisture and humidity"
READ1235,55.04,35.15,74.79,0.2221,Do Not Irrigate,"Synthetic label derived from temperature, soil moisture and humidity"
READ1236,63.22,27.97,63.99,0.0857,Do Not Irrigate,"Synthetic label derived from temperature, soil moisture and humidity"
READ1237,79.47,34.2,54.12,0.1643,Do Not Irrigate,"Synthetic label derived from temperature, soil moisture and humidity"
READ1238,49.6,31.17,65.88,0.3326,Irrigate,"Synthetic label derived from temperature, soil moisture and humidity"
READ1239,66.06,33.85,66.92,0.1193,Do Not Irrigate,"Synthetic label derived from temperature, soil moisture and humidity"
READ1240,52.26,34.3,62.38,0.335,Irrigate,"Synthetic label derived from temperature, soil moisture and humidity"
READ1241,50.54,23.85,61.52,0.2075,Do Not Irrigate,"Synthetic label derived from temperature, soil moisture and humidity"
READ1242,45.82,27.82,51.73,0.3657,Irrigate,"Synthetic label derived from temperature, soil moisture and humidity"
READ1243,50.88,36.26,81.34,0.322,Irrigate,"Synthetic label derived from temperature, soil moisture and humidity"
READ1244,40.88,18.57,45.34,0.3109,Irrigate,"Synthetic label derived from temperature, soil moisture and humidity"
READ1245,74.3,29.58,67.68,0.0328,Do Not Irrigate,"Synthetic label derived from temperature, soil moisture and humidity"
READ1246,38.23,33.44,66.44,0.4444,Irrigate,"Synthetic label derived from temperature, soil moisture and humidity"
READ1247,62.91,37.18,60.35,0.2519,Do Not Irrigate,"Synthetic label derived from temperature, soil moisture and humidity"
READ1248,57.7,40.96,37.81,0.4473,Irrigate,"Synthetic label derived from temperature, soil moisture and humidity"
READ1249,53.39,31.83,55.11,0.2936,Irrigate,"Synthetic label derived from temperature, soil moisture and humidity"
READ1250,64.96,42.0,72.7,0.2319,Do Not Irrigate,"Synthetic label derived from temperature, soil moisture and humidity"
READ1251,49.07,26.73,41.45,0.3025,Irrigate,"Synthetic label derived from temperature, soil moisture and humidity"
READ1252,65.26,22.63,75.58,0.0146,Do Not Irrigate,"Synthetic label derived from temperature, soil moisture and humidity"
READ1253,44.72,28.29,82.18,0.3029,Irrigate,"Synthetic label derived from temperature, soil moisture and humidity"
READ1254,55.12,27.81,63.92,0.1786,Do Not Irrigate,"Synthetic label derived from temperature, soil moisture and humidity"
READ1255,25.53,39.21,64.86,0.6842,Irrigate,"Synthetic label derived from temperature, soil moisture and humidity"
READ1256,54.19,25.32,60.77,0.131,Do Not Irrigate,"Synthetic label derived from temperature, soil moisture and humidity"
READ1257,86.88,22.83,50.62,0.0599,Do Not Irrigate,"Synthetic label derived from temperature, soil moisture and humidity"
READ1258,73.03,29.07,48.17,0.1886,Do Not Irrigate,"Synthetic label derived from temperature, soil moisture and humidity"
READ1259,65.23,31.69,71.59,0.1889,Do Not Irrigate,"Synthetic label derived from temperature, soil moisture and humidity"
READ1260,85.59,25.57,82.49,0.0333,Do Not Irrigate,"Synthetic label derived from temperature, soil moisture and humidity"
READ1261,61.99,20.54,60.96,0.0506,Do Not Irrigate,"Synthetic label derived from temperature, soil moisture and humidity"
READ1262,66.59,34.36,38.11,0.2538,Do Not Irrigate,"Synthetic label derived from temperature, soil moisture and humidity"
READ1263,70.71,28.07,71.75,0.0768,Do Not Irrigate,"Synthetic label derived from temperature, soil moisture and humidity"
READ1264,59.78,27.64,48.4,0.1537,Do Not Irrigate,"Synthetic label derived from temperature, soil moisture and humidity"
READ1265,64.93,29.1,61.34,0.0998,Do Not Irrigate,"Synthetic label derived from temperature, soil moisture and humidity"
READ1266,50.73,34.23,58.98,0.3057,Irrigate,"Synthetic label derived from temperature, soil moisture and humidity"
READ1267,65.41,27.98,63.38,0.1383,Do Not Irrigate,"Synthetic label derived from temperature, soil moisture and humidity"
READ1268,54.71,30.45,48.85,0.2736,Irrigate,"Synthetic label derived from temperature, soil moisture and humidity"
READ1269,63.53,21.22,65.41,0.0478,Do Not Irrigate,"Synthetic label derived from temperature, soil moisture and humidity"
READ1270,55.58,34.19,67.01,0.3126,Irrigate,"Synthetic label derived from temperature, soil moisture and humidity"
READ1271,41.09,29.68,64.01,0.3406,Irrigate,"Synthetic label derived from temperature, soil moisture and humidity"
READ1272,68.39,40.62,62.8,0.2826,Irrigate,"Synthetic label derived from temperature, soil moisture and humidity"
READ1273,56.18,25.43,41.15,0.1964,Do Not Irrigate,"Synthetic label derived from temperature, soil moisture and humidity"
READ1274,35.51,37.52,61.62,0.5392,Irrigate,"Synthetic label derived from temperature, soil moisture and humidity"
READ1275,67.45,23.39,53.8,0.0656,Do Not Irrigate,"Synthetic label derived from temperature, soil moisture and humidity"
READ1276,69.4,31.51,65.98,0.1337,Do Not Irrigate,"Synthetic label derived from temperature, soil moisture and humidity"
READ1277,60.6,30.01,50.64,0.2059,Do Not Irrigate,"Synthetic label derived from temperature, soil moisture and humidity"
READ1278,39.97,29.41,57.23,0.4776,Irrigate,"Synthetic label derived from temperature, soil moisture and humidity"
READ1279,54.44,21.98,61.39,0.1716,Do Not Irrigate,"Synthetic label derived from temperature, soil moisture and humidity"
READ1280,78.43,26.05,44.01,0.146,Do Not Irrigate,"Synthetic label derived from temperature, soil moisture and humidity"
READ1281,35.67,26.82,59.91,0.4023,Irrigate,"Synthetic label derived from temperature, soil moisture and humidity"
READ1282,64.65,25.58,59.72,0.0712,Do Not Irrigate,"Synthetic label derived from temperature, soil moisture and humidity"
READ1283,57.09,29.49,68.23,0.2081,Do Not Irrigate,"Synthetic label derived from temperature, soil moisture and humidity"
READ1284,60.5,31.27,44.01,0.2445,Do Not Irrigate,"Synthetic label derived from temperature, soil moisture and humidity"
READ1285,61.71,32.64,54.69,0.1971,Do Not Irrigate,"Synthetic label derived from temperature, soil moisture and humidity"
READ1286,46.96,31.68,75.41,0.2912,Irrigate,"Synthetic label derived from temperature, soil moisture and humidity"
READ1287,67.71,29.62,61.51,0.1122,Do Not Irrigate,"Synthetic label derived from temperature, soil moisture and humidity"
READ1288,65.45,30.63,90.31,0.0665,Do Not Irrigate,"Synthetic label derived from temperature, soil moisture and humidity"
READ1289,62.25,26.35,52.57,0.1296,Do Not Irrigate,"Synthetic label derived from temperature, soil moisture and humidity"
READ1290,56.92,42.0,60.79,0.3468,Irrigate,"Synthetic label derived from temperature, soil moisture and humidity"
READ1291,58.82,18.63,61.9,0.1072,Do Not Irrigate,"Synthetic label derived from temperature, soil moisture and humidity"
READ1292,66.12,33.87,56.96,0.1867,Do Not Irrigate,"Synthetic label derived from temperature, soil moisture and humidity"
READ1293,44.27,23.36,66.72,0.2127,Do Not Irrigate,"Synthetic label derived from temperature, soil moisture and humidity"
READ1294,49.2,24.02,69.6,0.243,Do Not Irrigate,"Synthetic label derived from temperature, soil moisture and humidity"
READ1295,36.78,19.73,61.5,0.3488,Irrigate,"Synthetic label derived from temperature, soil moisture and humidity"
READ1296,58.06,26.77,60.59,0.1684,Do Not Irrigate,"Synthetic label derived from temperature, soil moisture and humidity"
READ1297,69.57,19.22,58.57,0.0557,Do Not Irrigate,"Synthetic label derived from temperature, soil moisture and humidity"
READ1298,42.15,37.66,55.38,0.4966,Irrigate,"Synthetic label derived from temperature, soil moisture and humidity"
READ1299,62.78,26.04,40.84,0.1422,Do Not Irrigate,"Synthetic label derived from temperature, soil moisture and humidity"
READ1300,69.41,27.32,52.84,0.1403,Do Not Irrigate,"Synthetic label derived from temperature, soil moisture and humidity"
READ1301,50.37,26.45,64.79,0.2474,Do Not Irrigate,"Synthetic label derived from temperature, soil moisture and humidity"
READ1302,88.34,33.14,76.92,0.1117,Do Not Irrigate,"Synthetic label derived from temperature, soil moisture and humidity"
READ1303,40.64,29.31,64.29,0.3393,Irrigate,"Synthetic label derived from temperature, soil moisture and humidity"
READ1304,52.55,31.0,67.32,0.2712,Irrigate,"Synthetic label derived from temperature, soil moisture and humidity"
READ1305,59.07,26.46,56.83,0.1174,Do Not Irrigate,"Synthetic label derived from temperature, soil moisture and humidity"
READ1306,79.99,29.07,60.3,0.0866,Do Not Irrigate,"Synthetic label derived from temperature, soil moisture and humidity"
READ1307,95.0,23.63,57.85,0.0639,Do Not Irrigate,"Synthetic label derived from temperature, soil moisture and humidity"
READ1308,63.4,33.79,84.69,0.1686,Do Not Irrigate,"Synthetic label derived from temperature, soil moisture and humidity"
READ1309,40.22,27.72,66.69,0.4089,Irrigate,"Synthetic label derived from temperature, soil moisture and humidity"
READ1310,35.43,35.01,65.16,0.5302,Irrigate,"Synthetic label derived from temperature, soil moisture and humidity"
READ1311,53.57,24.79,72.01,0.1642,Do Not Irrigate,"Synthetic label derived from temperature, soil moisture and humidity"
READ1312,68.61,28.93,55.8,0.0794,Do Not Irrigate,"Synthetic label derived from temperature, soil moisture and humidity"
READ1313,66.47,31.12,51.41,0.1535,Do Not Irrigate,"Synthetic label derived from temperature, soil moisture and humidity"
READ1314,48.47,21.59,53.19,0.2118,Do Not Irrigate,"Synthetic label derived from temperature, soil moisture and humidity"
READ1315,49.23,25.31,43.48,0.3455,Irrigate,"Synthetic label derived from temperature, soil moisture and humidity"
READ1316,72.54,25.1,66.27,0.0541,Do Not Irrigate,"Synthetic label derived from temperature, soil moisture and humidity"
READ1317,71.68,24.91,76.11,0.0,Do Not Irrigate,"Synthetic label derived from temperature, soil moisture and humidity"
READ1318,36.3,32.62,78.49,0.5105,Irrigate,"Synthetic label derived from temperature, soil moisture and humidity"
READ1319,38.2,32.49,58.08,0.4846,Irrigate,"Synthetic label derived from temperature, soil moisture and humidity"
READ1320,34.41,22.69,53.69,0.4,Irrigate,"Synthetic label derived from temperature, soil moisture and humidity"
READ1321,46.02,32.3,75.32,0.3402,Irrigate,"Synthetic label derived from temperature, soil moisture and humidity"
READ1322,77.66,31.08,48.4,0.219,Do Not Irrigate,"Synthetic label derived from temperature, soil moisture and humidity"
READ1323,46.53,33.55,81.88,0.3479,Irrigate,"Synthetic label derived from temperature, soil moisture and humidity"
READ1324,34.05,24.41,78.87,0.3382,Irrigate,"Synthetic label derived from temperature, soil moisture and humidity"
READ1325,56.11,32.79,71.36,0.2384,Do Not Irrigate,"Synthetic label derived from temperature, soil moisture and humidity"
READ1326,52.08,27.44,73.29,0.2104,Do Not Irrigate,"Synthetic label derived from temperature, soil moisture and humidity"
READ1327,51.4,34.41,61.45,0.3081,Irrigate,"Synthetic label derived from temperature, soil moisture and humidity"
READ1328,44.37,24.11,59.73,0.3093,Irrigate,"Synthetic label derived from temperature, soil moisture and humidity"
READ1329,43.73,29.94,55.12,0.3664,Irrigate,"Synthetic label derived from temperature, soil moisture and humidity"
READ1330,33.86,27.9,60.68,0.453,Irrigate,"Synthetic label derived from temperature, soil moisture and humidity"
READ1331,58.13,23.01,76.01,0.0813,Do Not Irrigate,"Synthetic label derived from temperature, soil moisture and humidity"
READ1332,57.78,28.95,56.79,0.2088,Do Not Irrigate,"Synthetic label derived from temperature, soil moisture and humidity"
READ1333,61.66,20.27,56.53,0.0842,Do Not Irrigate,"Synthetic label derived from temperature, soil moisture and humidity"
READ1334,58.59,34.97,53.74,0.2711,Irrigate,"Synthetic label derived from temperature, soil moisture and humidity"
READ1335,47.82,24.99,58.83,0.2728,Irrigate,"Synthetic label derived from temperature, soil moisture and humidity"
READ1336,40.25,31.14,42.58,0.4496,Irrigate,"Synthetic label derived from temperature, soil moisture and humidity"
READ1337,50.39,37.37,59.7,0.325,Irrigate,"Synthetic label derived from temperature, soil moisture and humidity"
READ1338,27.02,29.17,70.37,0.5114,Irrigate,"Synthetic label derived from temperature, soil moisture and humidity"
READ1339,57.35,34.81,56.52,0.3159,Irrigate,"Synthetic label derived from temperature, soil moisture and humidity"
READ1340,32.15,24.48,41.32,0.4578,Irrigate,"Synthetic label derived from temperature, soil moisture and humidity"
READ1341,54.35,29.57,63.74,0.1995,Do Not Irrigate,"Synthetic label derived from temperature, soil moisture and humidity"
READ1342,52.34,21.51,79.36,0.129,Do Not Irrigate,"Synthetic label derived from temperature, soil moisture and humidity"
READ1343,48.16,36.94,48.09,0.4105,Irrigate,"Synthetic label derived from temperature, soil moisture and humidity"
READ1344,39.65,28.66,68.18,0.3839,Irrigate,"Synthetic label derived from temperature, soil moisture and humidity"
READ1345,91.01,17.75,70.3,0.0,Do Not Irrigate,"Synthetic label derived from temperature, soil moisture and humidity"
READ1346,46.79,25.9,52.09,0.3443,Irrigate,"Synthetic label derived from temperature, soil moisture and humidity"
READ1347,66.79,29.12,79.21,0.0257,Do Not Irrigate,"Synthetic label derived from temperature, soil moisture and humidity"
READ1348,36.37,18.11,54.61,0.3784,Irrigate,"Synthetic label derived from temperature, soil moisture and humidity"
READ1349,56.44,29.75,46.07,0.2841,Irrigate,"Synthetic label derived from temperature, soil moisture and humidity"
READ1350,58.35,32.67,40.29,0.3063,Irrigate,"Synthetic label derived from temperature, soil moisture and humidity"
READ1351,38.37,27.01,69.41,0.3518,Irrigate,"Synthetic label derived from temperature, soil moisture and humidity"
READ1352,43.08,29.03,44.62,0.4347,Irrigate,"Synthetic label derived from temperature, soil moisture and humidity"
READ1353,52.13,34.59,56.68,0.3268,Irrigate,"Synthetic label derived from temperature, soil moisture and humidity"
READ1354,44.3,33.38,54.49,0.437,Irrigate,"Synthetic label derived from temperature, soil moisture and humidity"
READ1355,49.65,19.12,56.16,0.1887,Do Not Irrigate,"Synthetic label derived from temperature, soil moisture and humidity"
READ1356,55.47,23.05,74.11,0.1038,Do Not Irrigate,"Synthetic label derived from temperature, soil moisture and humidity"
READ1357,52.51,32.28,74.57,0.2519,Do Not Irrigate,"Synthetic label derived from temperature, soil moisture and humidity"
READ1358,44.2,20.13,54.77,0.2691,Irrigate,"Synthetic label derived from temperature, soil moisture and humidity"
READ1359,56.5,27.27,71.26,0.1311,Do Not Irrigate,"Synthetic label derived from temperature, soil moisture and humidity"
READ1360,54.2,34.92,67.1,0.2914,Irrigate,"Synthetic label derived from temperature, soil moisture and humidity"
READ1361,46.57,25.83,52.79,0.2769,Irrigate,"Synthetic label derived from temperature, soil moisture and humidity"
READ1362,65.58,27.89,46.8,0.1917,Do Not Irrigate,"Synthetic label derived from temperature, soil moisture and humidity"
READ1363,59.48,21.97,57.7,0.1155,Do Not Irrigate,"Synthetic label derived from temperature, soil moisture and humidity"
READ1364,78.86,23.46,74.71,0.0428,Do Not Irrigate,"Synthetic label derived from temperature, soil moisture and humidity"
READ1365,46.2,27.61,50.56,0.3225,Irrigate,"Synthetic label derived from temperature, soil moisture and humidity"
READ1366,54.49,32.3,76.08,0.2075,Do Not Irrigate,"Synthetic label derived from temperature, soil moisture and humidity"
READ1367,27.46,28.89,66.52,0.5104,Irrigate,"Synthetic label derived from temperature, soil moisture and humidity"
READ1368,50.43,29.62,81.19,0.2485,Do Not Irrigate,"Synthetic label derived from temperature, soil moisture and humidity"
READ1369,49.77,26.5,60.96,0.292,Irrigate,"Synthetic label derived from temperature, soil moisture and humidity"
READ1370,52.43,28.9,57.21,0.2915,Irrigate,"Synthetic label derived from temperature, soil moisture and humidity"
READ1371,82.44,31.25,63.99,0.1349,Do Not Irrigate,"Synthetic label derived from temperature, soil moisture and humidity"
READ1372,21.62,32.73,64.61,0.6385,Irrigate,"Synthetic label derived from temperature, soil moisture and humidity"
READ1373,45.04,27.08,58.07,0.3419,Irrigate,"Synthetic label derived from temperature, soil moisture and humidity"
READ1374,49.7,39.41,68.17,0.3632,Irrigate,"Synthetic label derived from temperature, soil moisture and humidity"
READ1375,53.2,25.74,36.67,0.3159,Irrigate,"Synthetic label derived from temperature, soil moisture and humidity"
READ1376,64.84,31.67,64.98,0.0968,Do Not Irrigate,"Synthetic label derived from temperature, soil moisture and humidity"
READ1377,48.23,33.21,50.39,0.3087,Irrigate,"Synthetic label derived from temperature, soil moisture and humidity"
READ1378,51.82,28.29,64.63,0.2564,Do Not Irrigate,"Synthetic label derived from temperature, soil moisture and humidity"
READ1379,63.93,30.29,77.35,0.0536,Do Not Irrigate,"Synthetic label derived from temperature, soil moisture and humidity"
READ1380,62.06,32.13,48.13,0.1805,Do Not Irrigate,"Synthetic label derived from temperature, soil moisture and humidity"
READ1381,44.56,25.69,72.04,0.237,Do Not Irrigate,"Synthetic label derived from temperature, soil moisture and humidity"
READ1382,43.01,25.94,76.42,0.2672,Irrigate,"Synthetic label derived from temperature, soil moisture and humidity"
READ1383,52.49,28.45,78.5,0.1758,Do Not Irrigate,"Synthetic label derived from temperature, soil moisture and humidity"
READ1384,73.42,30.05,61.07,0.2009,Do Not Irrigate,"Synthetic label derived from temperature, soil moisture and humidity"
READ1385,40.22,27.23,48.21,0.4241,Irrigate,"Synthetic label derived from temperature, soil moisture and humidity"
READ1386,78.65,37.35,77.69,0.1795,Do Not Irrigate,"Synthetic label derived from temperature, soil moisture and humidity"
READ1387,49.89,20.64,87.43,0.1789,Do Not Irrigate,"Synthetic label derived from temperature, soil moisture and humidity"
READ1388,48.11,35.64,51.33,0.4291,Irrigate,"Synthetic label derived from temperature, soil moisture and humidity"
READ1389,52.58,32.19,62.24,0.244,Do Not Irrigate,"Synthetic label derived from temperature, soil moisture and humidity"
READ1390,56.06,34.24,62.65,0.3001,Irrigate,"Synthetic label derived from temperature, soil moisture and humidity"
READ1391,40.36,28.87,55.51,0.4173,Irrigate,"Synthetic label derived from temperature, soil moisture and humidity"
READ1392,55.44,32.45,76.05,0.2424,Do Not Irrigate,"Synthetic label derived from temperature, soil moisture and humidity"
READ1393,58.82,24.01,62.97,0.0876,Do Not Irrigate,"Synthetic label derived from temperature, soil moisture and humidity"
READ1394,50.18,27.13,51.24,0.2176,Do Not Irrigate,"Synthetic label derived from temperature, soil moisture and humidity"
READ1395,45.65,29.97,46.82,0.379,Irrigate,"Synthetic label derived from temperature, soil moisture and humidity"
READ1396,81.6,34.12,82.72,0.1522,Do Not Irrigate,"Synthetic label derived from temperature, soil moisture and humidity"
READ1397,71.35,25.38,55.27,0.0,Do Not Irrigate,"Synthetic label derived from temperature, soil moisture and humidity"
READ1398,71.61,36.7,56.36,0.2247,Do Not Irrigate,"Synthetic label derived from temperature, soil moisture and humidity"
READ1399,44.45,30.91,76.5,0.268,Irrigate,"Synthetic label derived from temperature, soil moisture and humidity"
READ1400,60.73,27.62,64.36,0.1425,Do Not Irrigate,"Synthetic label derived from temperature, soil moisture and humidity"
READ1401,52.37,28.48,60.43,0.2729,Irrigate,"Synthetic label derived from temperature, soil moisture and humidity"
READ1402,60.86,30.1,47.75,0.2003,Do Not Irrigate,"Synthetic label derived from temperature, soil moisture and humidity"
READ1403,67.58,29.19,70.91,0.1373,Do Not Irrigate,"Synthetic label derived from temperature, soil moisture and humidity"
READ1404,69.54,29.47,56.87,0.0537,Do Not Irrigate,"Synthetic label derived from temperature, soil moisture and humidity"
READ1405,52.64,27.37,67.68,0.1989,Do Not Irrigate,"Synthetic label derived from temperature, soil moisture and humidity"
READ1406,50.51,20.1,51.72,0.2422,Do Not Irrigate,"Synthetic label derived from temperature, soil moisture and humidity"
READ1407,79.02,28.51,66.93,0.1154,Do Not Irrigate,"Synthetic label derived from temperature, soil moisture and humidity"
READ1408,43.65,30.83,54.11,0.4165,Irrigate,"Synthetic label derived from temperature, soil moisture and humidity"
READ1409,57.12,30.49,53.61,0.2615,Irrigate,"Synthetic label derived from temperature, soil moisture and humidity"
READ1410,84.19,23.96,58.92,0.0552,Do Not Irrigate,"Synthetic label derived from temperature, soil moisture and humidity"
READ1411,66.01,26.2,29.0,0.2094,Do Not Irrigate,"Synthetic label derived from temperature, soil moisture and humidity"
READ1412,65.65,20.29,55.71,0.1049,Do Not Irrigate,"Synthetic label derived from temperature, soil moisture and humidity"
READ1413,75.27,33.69,60.89,0.1795,Do Not Irrigate,"Synthetic label derived from temperature, soil moisture and humidity"
READ1414,53.17,34.64,52.49,0.3202,Irrigate,"Synthetic label derived from temperature, soil moisture and humidity"
READ1415,69.14,28.78,79.54,0.0462,Do Not Irrigate,"Synthetic label derived from temperature, soil moisture and humidity"
READ1416,54.23,24.39,63.09,0.1142,Do Not Irrigate,"Synthetic label derived from temperature, soil moisture and humidity"
READ1417,48.17,21.82,71.33,0.2161,Do Not Irrigate,"Synthetic label derived from temperature, soil moisture and humidity"
READ1418,30.78,35.67,92.97,0.5368,Irrigate,"Synthetic label derived from temperature, soil moisture and humidity"
READ1419,46.02,42.0,47.17,0.5411,Irrigate,"Synthetic label derived from temperature, soil moisture and humidity"
READ1420,57.51,35.73,67.32,0.2526,Do Not Irrigate,"Synthetic label derived from temperature, soil moisture and humidity"
READ1421,41.68,27.29,50.92,0.3738,Irrigate,"Synthetic label derived from temperature, soil moisture and humidity"
READ1422,47.1,21.53,78.06,0.1803,Do Not Irrigate,"Synthetic label derived from temperature, soil moisture and humidity"
READ1423,37.25,28.16,63.82,0.3417,Irrigate,"Synthetic label derived from temperature, soil moisture and humidity"
READ1424,59.64,23.76,83.53,0.0742,Do Not Irrigate,"Synthetic label derived from temperature, soil moisture and humidity"
READ1425,49.4,25.27,61.74,0.246,Do Not Irrigate,"Synthetic label derived from temperature, soil moisture and humidity"
READ1426,54.64,27.91,63.7,0.1831,Do Not Irrigate,"Synthetic label derived from temperature, soil moisture and humidity"
READ1427,50.2,18.57,74.68,0.1714,Do Not Irrigate,"Synthetic label derived from temperature, soil moisture and humidity"
READ1428,44.17,38.49,64.04,0.4303,Irrigate,"Synthetic label derived from temperature, soil moisture and humidity"
READ1429,66.99,30.99,67.73,0.1061,Do Not Irrigate,"Synthetic label derived from temperature, soil moisture and humidity"
READ1430,61.31,27.69,69.67,0.0504,Do Not Irrigate,"Synthetic label derived from temperature, soil moisture and humidity"
READ1431,48.93,37.61,53.8,0.4099,Irrigate,"Synthetic label derived from temperature, soil moisture and humidity"
READ1432,48.73,22.93,36.5,0.2861,Irrigate,"Synthetic label derived from temperature, soil moisture and humidity"
READ1433,56.9,28.74,61.26,0.1966,Do Not Irrigate,"Synthetic label derived from temperature, soil moisture and humidity"
READ1434,69.32,28.05,56.11,0.1045,Do Not Irrigate,"Synthetic label derived from temperature, soil moisture and humidity"
READ1435,63.11,36.06,55.46,0.2497,Do Not Irrigate,"Synthetic label derived from temperature, soil moisture and humidity"
READ1436,59.74,24.04,63.25,0.0492,Do Not Irrigate,"Synthetic label derived from temperature, soil moisture and humidity"
READ1437,30.23,30.83,58.39,0.5301,Irrigate,"Synthetic label derived from temperature, soil moisture and humidity"
READ1438,54.75,24.12,62.46,0.1141,Do Not Irrigate,"Synthetic label derived from temperature, soil moisture and humidity"
READ1439,74.47,22.22,60.65,0.0118,Do Not Irrigate,"Synthetic label derived from temperature, soil moisture and humidity"
READ1440,62.99,27.34,56.78,0.1487,Do Not Irrigate,"Synthetic label derived from temperature, soil moisture and humidity"
READ1441,55.41,31.58,51.22,0.2391,Do Not Irrigate,"Synthetic label derived from temperature, soil moisture and humidity"
READ1442,56.5,27.41,70.52,0.1511,Do Not Irrigate,"Synthetic label derived from temperature, soil moisture and humidity"
READ1443,57.87,20.88,85.66,0.0728,Do Not Irrigate,"Synthetic label derived from temperature, soil moisture and humidity"
READ1444,64.77,24.82,66.7,0.0,Do Not Irrigate,"Synthetic label derived from temperature, soil moisture and humidity"
READ1445,61.33,27.22,63.35,0.1407,Do Not Irrigate,"Synthetic label derived from temperature, soil moisture and humidity"
READ1446,37.74,25.58,68.49,0.4017,Irrigate,"Synthetic label derived from temperature, soil moisture and humidity"
READ1447,53.07,31.96,61.72,0.3388,Irrigate,"Synthetic label derived from temperature, soil moisture and humidity"
READ1448,30.54,29.47,43.49,0.4713,Irrigate,"Synthetic label derived from temperature, soil moisture and humidity"
READ1449,59.16,29.7,59.58,0.1859,Do Not Irrigate,"Synthetic label derived from temperature, soil moisture and humidity"
READ1450,95.0,27.71,69.12,0.0497,Do Not Irrigate,"Synthetic label derived from temperature, soil moisture and humidity"
READ1451,59.13,27.81,58.07,0.2222,Do Not Irrigate,"Synthetic label derived from temperature, soil moisture and humidity"
READ1452,71.48,29.68,35.35,0.1871,Do Not Irrigate,"Synthetic label derived from temperature, soil moisture and humidity"
READ1453,92.84,27.85,76.24,0.0967,Do Not Irrigate,"Synthetic label derived from temperature, soil moisture and humidity"
READ1454,58.07,24.79,33.78,0.2308,Do Not Irrigate,"Synthetic label derived from temperature, soil moisture and humidity"
READ1455,43.59,29.88,48.0,0.3882,Irrigate,"Synthetic label derived from temperature, soil moisture and humidity"
READ1456,55.47,30.34,49.62,0.3041,Irrigate,"Synthetic label derived from temperature, soil moisture and humidity"
READ1457,46.64,20.63,61.69,0.2412,Do Not Irrigate,"Synthetic label derived from temperature, soil moisture and humidity"
READ1458,57.25,35.81,60.16,0.2895,Irrigate,"Synthetic label derived from temperature, soil moisture and humidity"
READ1459,39.56,33.1,65.21,0.4208,Irrigate,"Synthetic label derived from temperature, soil moisture and humidity"
READ1460,28.33,36.22,48.27,0.6322,Irrigate,"Synthetic label derived from temperature, soil moisture and humidity"
READ1461,60.02,23.02,45.08,0.0804,Do Not Irrigate,"Synthetic label derived from temperature, soil moisture and humidity"
READ1462,65.09,26.27,95.0,0.0018,Do Not Irrigate,"Synthetic label derived from temperature, soil moisture and humidity"
READ1463,42.1,26.17,65.92,0.2931,Irrigate,"Synthetic label derived from temperature, soil moisture and humidity"
READ1464,63.57,24.11,46.42,0.0488,Do Not Irrigate,"Synthetic label derived from temperature, soil moisture and humidity"
READ1465,23.87,26.41,59.39,0.5101,Irrigate,"Synthetic label derived from temperature, soil moisture and humidity"
READ1466,72.41,35.14,58.98,0.149,Do Not Irrigate,"Synthetic label derived from temperature, soil moisture and humidity"
READ1467,47.07,26.0,55.11,0.2622,Irrigate,"Synthetic label derived from temperature, soil moisture and humidity"
READ1468,45.85,27.07,55.37,0.3166,Irrigate,"Synthetic label derived from temperature, soil moisture and humidity"
READ1469,60.05,24.45,78.25,0.0309,Do Not Irrigate,"Synthetic label derived from temperature, soil moisture and humidity"
READ1470,32.35,30.9,53.19,0.5271,Irrigate,"Synthetic label derived from temperature, soil moisture and humidity"
READ1471,21.35,35.96,71.07,0.6091,Irrigate,"Synthetic label derived from temperature, soil moisture and humidity"
READ1472,34.3,37.36,54.15,0.558,Irrigate,"Synthetic label derived from temperature, soil moisture and humidity"
READ1473,23.28,27.25,60.27,0.5659,Irrigate,"Synthetic label derived from temperature, soil moisture and humidity"
READ1474,35.41,21.4,68.41,0.3727,Irrigate,"Synthetic label derived from temperature, soil moisture and humidity"
READ1475,33.0,34.41,63.45,0.561,Irrigate,"Synthetic label derived from temperature, soil moisture and humidity"
READ1476,54.02,16.39,61.18,0.1931,Do Not Irrigate,"Synthetic label derived from temperature, soil moisture and humidity"
READ1477,42.49,27.06,60.89,0.2434,Do Not Irrigate,"Synthetic label derived from temperature, soil moisture and humidity"
READ1478,78.4,24.49,69.07,0.022,Do Not Irrigate,"Synthetic label derived from temperature, soil moisture and humidity"
READ1479,72.61,31.03,60.18,0.1153,Do Not Irrigate,"Synthetic label derived from temperature, soil moisture and humidity"
READ1480,66.17,19.63,70.75,0.0,Do Not Irrigate,"Synthetic label derived from temperature, soil moisture and humidity"
READ1481,72.53,29.81,70.73,0.0959,Do Not Irrigate,"Synthetic label derived from temperature, soil moisture and humidity"
READ1482,30.47,24.7,71.07,0.4032,Irrigate,"Synthetic label derived from temperature, soil moisture and humidity"
READ1483,71.53,31.02,51.4,0.1444,Do Not Irrigate,"Synthetic label derived from temperature, soil moisture and humidity"
READ1484,56.44,17.43,83.08,0.1066,Do Not Irrigate,"Synthetic label derived from temperature, soil moisture and humidity"
READ1485,72.18,21.1,77.93,0.0669,Do Not Irrigate,"Synthetic label derived from temperature, soil moisture and humidity"
READ1486,36.51,32.86,63.01,0.4235,Irrigate,"Synthetic label derived from temperature, soil moisture and humidity"
READ1487,61.9,33.17,55.79,0.2538,Do Not Irrigate,"Synthetic label derived from temperature, soil moisture and humidity"
READ1488,31.67,21.53,64.64,0.3955,Irrigate,"Synthetic label derived from temperature, soil moisture and humidity"
READ1489,44.97,33.05,69.37,0.3868,Irrigate,"Synthetic label derived from temperature, soil moisture and humidity"
READ1490,53.28,32.01,57.65,0.3528,Irrigate,"Synthetic label derived from temperature, soil moisture and humidity"
READ1491,43.62,39.53,63.42,0.4423,Irrigate,"Synthetic label derived from temperature, soil moisture and humidity"
READ1492,74.15,29.63,73.21,0.1203,Do Not Irrigate,"Synthetic label derived from temperature, soil moisture and humidity"
READ1493,59.73,26.04,74.71,0.0867,Do Not Irrigate,"Synthetic label derived from temperature, soil moisture and humidity"
READ1494,64.6,18.23,68.36,0.0051,Do Not Irrigate,"Synthetic label derived from temperature, soil moisture and humidity"
READ1495,78.15,32.12,65.88,0.1547,Do Not Irrigate,"Synthetic label derived from temperature, soil moisture and humidity"
READ1496,41.02,37.12,86.9,0.4555,Irrigate,"Synthetic label derived from temperature, soil moisture and humidity"
READ1497,77.27,26.15,53.43,0.0958,Do Not Irrigate,"Synthetic label derived from temperature, soil moisture and humidity"
READ1498,61.09,27.03,69.45,0.1106,Do Not Irrigate,"Synthetic label derived from temperature, soil moisture and humidity"
READ1499,41.02,31.59,73.36,0.3771,Irrigate,"Synthetic label derived from temperature, soil moisture and humidity"
READ1500,71.14,22.91,68.62,0.0,Do Not Irrigate,"Synthetic label derived from temperature, soil moisture and humidity"
READ1501,39.4,25.85,51.7,0.3583,Irrigate,"Synthetic label derived from temperature, soil moisture and humidity"
READ1502,52.0,33.19,59.15,0.2694,Irrigate,"Synthetic label derived from temperature, soil moisture and humidity"
READ1503,70.96,24.81,62.3,0.0628,Do Not Irrigate,"Synthetic label derived from temperature, soil moisture and humidity"
READ1504,57.79,34.47,68.75,0.217,Do Not Irrigate,"Synthetic label derived from temperature, soil moisture and humidity"
READ1505,85.5,29.97,61.23,0.1532,Do Not Irrigate,"Synthetic label derived from temperature, soil moisture and humidity"
READ1506,58.49,31.0,92.91,0.1599,Do Not Irrigate,"Synthetic label derived from temperature, soil moisture and humidity"
READ1507,50.55,29.58,75.86,0.19,Do Not Irrigate,"Synthetic label derived from temperature, soil moisture and humidity"
READ1508,27.48,26.06,43.39,0.52,Irrigate,"Synthetic label derived from temperature, soil moisture and humidity"
READ1509,62.03,24.55,45.88,0.1294,Do Not Irrigate,"Synthetic label derived from temperature, soil moisture and humidity"
READ1510,67.08,20.53,72.84,0.031,Do Not Irrigate,"Synthetic label derived from temperature, soil moisture and humidity"
READ1511,68.36,35.09,89.42,0.1434,Do Not Irrigate,"Synthetic label derived from temperature, soil moisture and humidity"
READ1512,56.53,26.92,63.02,0.2148,Do Not Irrigate,"Synthetic label derived from temperature, soil moisture and humidity"
READ1513,36.17,24.69,79.53,0.3548,Irrigate,"Synthetic label derived from temperature, soil moisture and humidity"
READ1514,49.92,33.27,67.09,0.3621,Irrigate,"Synthetic label derived from temperature, soil moisture and humidity"
READ1515,56.04,34.13,94.7,0.2563,Do Not Irrigate,"Synthetic label derived from temperature, soil moisture and humidity"
READ1516,55.69,32.61,58.62,0.342,Irrigate,"Synthetic label derived from temperature, soil moisture and humidity"
READ1517,57.52,27.64,52.97,0.2311,Do Not Irrigate,"Synthetic label derived from temperature, soil moisture and humidity"
READ1518,67.14,26.51,69.92,0.0049,Do Not Irrigate,"Synthetic label derived from temperature, soil moisture and humidity"
READ1519,57.59,31.26,83.49,0.1586,Do Not Irrigate,"Synthetic label derived from temperature, soil moisture and humidity"
READ1520,37.1,24.52,46.96,0.4358,Irrigate,"Synthetic label derived from temperature, soil moisture and humidity"
READ1521,76.68,30.6,77.66,0.0957,Do Not Irrigate,"Synthetic label derived from temperature, soil moisture and humidity"
READ1522,53.67,27.33,59.28,0.1707,Do Not Irrigate,"Synthetic label derived from temperature, soil moisture and humidity"
READ1523,58.7,28.8,71.94,0.1473,Do Not Irrigate,"Synthetic label derived from temperature, soil moisture and humidity"
READ1524,52.72,24.64,63.87,0.1984,Do Not Irrigate,"Synthetic label derived from temperature, soil moisture and humidity"
READ1525,38.99,29.44,65.8,0.3653,Irrigate,"Synthetic label derived from temperature, soil moisture and humidity"
READ1526,46.77,30.15,49.4,0.3716,Irrigate,"Synthetic label derived from temperature, soil moisture and humidity"
READ1527,42.47,34.31,91.05,0.3633,Irrigate,"Synthetic label derived from temperature, soil moisture and humidity"
READ1528,62.48,25.37,75.49,0.0085,Do Not Irrigate,"Synthetic label derived from temperature, soil moisture and humidity"
READ1529,61.73,24.64,60.52,0.057,Do Not Irrigate,"Synthetic label derived from temperature, soil moisture and humidity"
READ1530,66.51,24.82,69.62,0.0171,Do Not Irrigate,"Synthetic label derived from temperature, soil moisture and humidity"
READ1531,53.4,29.74,53.86,0.276,Irrigate,"Synthetic label derived from temperature, soil moisture and humidity"
READ1532,76.42,25.11,77.06,0.0604,Do Not Irrigate,"Synthetic label derived from temperature, soil moisture and humidity"
READ1533,43.57,21.72,66.62,0.2424,Do Not Irrigate,"Synthetic label derived from temperature, soil moisture and humidity"
READ1534,81.16,29.17,53.37,0.1023,Do Not Irrigate,"Synthetic label derived from temperature, soil moisture and humidity"
READ1535,70.26,26.14,63.53,0.0929,Do Not Irrigate,"Synthetic label derived from temperature, soil moisture and humidity"
READ1536,48.22,28.77,62.8,0.3064,Irrigate,"Synthetic label derived from temperature, soil moisture and humidity"
READ1537,63.27,27.9,63.76,0.0956,Do Not Irrigate,"Synthetic label derived from temperature, soil moisture and humidity"
READ1538,34.31,30.29,85.71,0.3956,Irrigate,"Synthetic label derived from temperature, soil moisture and humidity"
READ1539,44.18,24.65,71.7,0.2595,Do Not Irrigate,"Synthetic label derived from temperature, soil moisture and humidity"
READ1540,52.78,24.41,64.11,0.1247,Do Not Irrigate,"Synthetic label derived from temperature, soil moisture and humidity"
READ1541,57.01,33.36,47.99,0.2522,Do Not Irrigate,"Synthetic label derived from temperature, soil moisture and humidity"
READ1542,77.11,25.94,76.63,0.0223,Do Not Irrigate,"Synthetic label derived from temperature, soil moisture and humidity"
READ1543,52.73,31.19,52.39,0.3055,Irrigate,"Synthetic label derived from temperature, soil moisture and humidity"
READ1544,49.66,22.4,67.05,0.1833,Do Not Irrigate,"Synthetic label derived from temperature, soil moisture and humidity"
READ1545,52.8,22.95,82.1,0.1594,Do Not Irrigate,"Synthetic label derived from temperature, soil moisture and humidity"
READ1546,68.5,27.47,42.25,0.2051,Do Not Irrigate,"Synthetic label derived from temperature, soil moisture and humidity"
READ1547,54.14,25.26,68.0,0.1919,Do Not Irrigate,"Synthetic label derived from temperature, soil moisture and humidity"
READ1548,54.68,35.39,76.0,0.2386,Do Not Irrigate,"Synthetic label derived from temperature, soil moisture and humidity"
READ1549,45.57,33.79,30.45,0.4771,Irrigate,"Synthetic label derived from temperature, soil moisture and humidity"
READ1550,34.97,26.62,59.41,0.4,Irrigate,"Synthetic label derived from temperature, soil moisture and humidity"
READ1551,47.27,23.51,90.5,0.2495,Do Not Irrigate,"Synthetic label derived from temperature, soil moisture and humidity"
READ1552,38.73,36.91,58.21,0.5201,Irrigate,"Synthetic label derived from temperature, soil moisture and humidity"
READ1553,54.11,25.7,74.81,0.1467,Do Not Irrigate,"Synthetic label derived from temperature, soil moisture and humidity"
READ1554,48.33,22.48,52.28,0.2008,Do Not Irrigate,"Synthetic label derived from temperature, soil moisture and humidity"
READ1555,55.17,23.02,59.81,0.1939,Do Not Irrigate,"Synthetic label derived from temperature, soil moisture and humidity"
READ1556,71.79,28.84,61.95,0.1627,Do Not Irrigate,"Synthetic label derived from temperature, soil moisture and humidity"
READ1557,62.29,27.36,45.89,0.1754,Do Not Irrigate,"Synthetic label derived from temperature, soil moisture and humidity"
READ1558,66.61,25.84,66.49,0.0402,Do Not Irrigate,"Synthetic label derived from temperature, soil moisture and humidity"
READ1559,52.42,16.56,60.34,0.2103,Do Not Irrigate,"Synthetic label derived from temperature, soil moisture and humidity"
READ1560,46.16,29.26,53.93,0.3526,Irrigate,"Synthetic label derived from temperature, soil moisture and humidity"
READ1561,51.97,24.3,78.99,0.1742,Do Not Irrigate,"Synthetic label derived from temperature, soil moisture and humidity"
READ1562,46.53,31.49,69.45,0.3414,Irrigate,"Synthetic label derived from temperature, soil moisture and humidity"
READ1563,31.28,34.03,56.16,0.553,Irrigate,"Synthetic label derived from temperature, soil moisture and humidity"
READ1564,91.93,30.51,58.36,0.0742,Do Not Irrigate,"Synthetic label derived from temperature, soil moisture and humidity"
READ1565,74.46,22.27,50.96,0.0622,Do Not Irrigate,"Synthetic label derived from temperature, soil moisture and humidity"
READ1566,74.83,32.87,61.11,0.1741,Do Not Irrigate,"Synthetic label derived from temperature, soil moisture and humidity"
READ1567,46.59,29.7,63.88,0.3424,Irrigate,"Synthetic label derived from temperature, soil moisture and humidity"
READ1568,68.54,31.47,58.65,0.175,Do Not Irrigate,"Synthetic label derived from temperature, soil moisture and humidity"
READ1569,53.71,23.59,58.16,0.1762,Do Not Irrigate,"Synthetic label derived from temperature, soil moisture and humidity"
READ1570,67.74,28.08,48.49,0.1379,Do Not Irrigate,"Synthetic label derived from temperature, soil moisture and humidity"
READ1571,56.59,29.93,74.04,0.2076,Do Not Irrigate,"Synthetic label derived from temperature, soil moisture and humidity"
READ1572,46.68,25.92,50.52,0.3209,Irrigate,"Synthetic label derived from temperature, soil moisture and humidity"
READ1573,75.28,27.42,60.1,0.1363,Do Not Irrigate,"Synthetic label derived from temperature, soil moisture and humidity"
READ1574,62.08,31.18,48.71,0.2309,Do Not Irrigate,"Synthetic label derived from temperature, soil moisture and humidity"
READ1575,41.99,23.33,58.84,0.2819,Irrigate,"Synthetic label derived from temperature, soil moisture and humidity"
READ1576,51.9,21.8,74.51,0.1782,Do Not Irrigate,"Synthetic label derived from temperature, soil moisture and humidity"
READ1577,27.74,33.89,53.27,0.6348,Irrigate,"Synthetic label derived from temperature, soil moisture and humidity"
READ1578,54.04,29.14,60.78,0.27,Irrigate,"Synthetic label derived from temperature, soil moisture and humidity"
READ1579,37.65,32.04,76.22,0.4316,Irrigate,"Synthetic label derived from temperature, soil moisture and humidity"
READ1580,87.55,26.36,74.49,0.0311,Do Not Irrigate,"Synthetic label derived from temperature, soil moisture and humidity"
READ1581,72.27,28.96,58.35,0.1581,Do Not Irrigate,"Synthetic label derived from temperature, soil moisture and humidity"
READ1582,48.12,21.94,56.8,0.2573,Do Not Irrigate,"Synthetic label derived from temperature, soil moisture and humidity"
READ1583,74.49,29.56,78.82,0.0364,Do Not Irrigate,"Synthetic label derived from temperature, soil moisture and humidity"
READ1584,48.79,27.56,61.63,0.2688,Irrigate,"Synthetic label derived from temperature, soil moisture and humidity"
READ1585,64.67,26.78,64.67,0.0718,Do Not Irrigate,"Synthetic label derived from temperature, soil moisture and humidity"
READ1586,42.04,28.43,61.28,0.3483,Irrigate,"Synthetic label derived from temperature, soil moisture and humidity"
READ1587,55.44,29.38,57.81,0.2687,Irrigate,"Synthetic label derived from temperature, soil moisture and humidity"
READ1588,38.63,25.4,95.0,0.2759,Irrigate,"Synthetic label derived from temperature, soil moisture and humidity"
READ1589,36.05,32.67,38.07,0.54,Irrigate,"Synthetic label derived from temperature, soil moisture and humidity"
READ1590,85.04,21.28,39.22,0.0624,Do Not Irrigate,"Synthetic label derived from temperature, soil moisture and humidity"
READ1591,67.58,34.62,56.85,0.2225,Do Not Irrigate,"Synthetic label derived from temperature, soil moisture and humidity"
READ1592,74.46,37.94,60.04,0.1694,Do Not Irrigate,"Synthetic label derived from temperature, soil moisture and humidity"
READ1593,43.51,26.87,59.89,0.314,Irrigate,"Synthetic label derived from temperature, soil moisture and humidity"
READ1594,70.66,35.37,60.94,0.2331,Do Not Irrigate,"Synthetic label derived from temperature, soil moisture and humidity"
READ1595,60.01,29.32,73.88,0.1339,Do Not Irrigate,"Synthetic label derived from temperature, soil moisture and humidity"
READ1596,83.81,21.81,56.82,0.0508,Do Not Irrigate,"Synthetic label derived from temperature, soil moisture and humidity"
READ1597,61.15,35.34,62.71,0.1937,Do Not Irrigate,"Synthetic label derived from temperature, soil moisture and humidity"
READ1598,66.8,32.77,39.7,0.2277,Do Not Irrigate,"Synthetic label derived from temperature, soil moisture and humidity"
READ1599,32.74,25.68,52.17,0.468,Irrigate,"Synthetic label derived from temperature, soil moisture and humidity"
READ1600,56.64,22.57,73.56,0.0526,Do Not Irrigate,"Synthetic label derived from temperature, soil moisture and humidity"
READ1601,59.62,24.93,58.61,0.1359,Do Not Irrigate,"Synthetic label derived from temperature, soil moisture and humidity"
READ1602,62.3,35.68,62.01,0.2399,Do Not Irrigate,"Synthetic label derived from temperature, soil moisture and humidity"
READ1603,48.87,29.91,68.27,0.2753,Irrigate,"Synthetic label derived from temperature, soil moisture and humidity"
READ1604,29.75,30.66,67.37,0.4795,Irrigate,"Synthetic label derived from temperature, soil moisture and humidity"
READ1605,37.02,36.38,68.9,0.4886,Irrigate,"Synthetic label derived from temperature, soil moisture and humidity"
READ1606,39.08,24.89,78.63,0.2993,Irrigate,"Synthetic label derived from temperature, soil moisture and humidity"
READ1607,47.29,31.55,53.23,0.4084,Irrigate,"Synthetic label derived from temperature, soil moisture and humidity"
READ1608,73.94,26.67,55.46,0.0171,Do Not Irrigate,"Synthetic label derived from temperature, soil moisture and humidity"
READ1609,34.26,22.3,64.62,0.3567,Irrigate,"Synthetic label derived from temperature, soil moisture and humidity"
READ1610,36.17,27.59,69.06,0.3981,Irrigate,"Synthetic label derived from temperature, soil moisture and humidity"
READ1611,28.4,28.36,46.4,0.5726,Irrigate,"Synthetic label derived from temperature, soil moisture and humidity"
READ1612,65.98,24.51,53.81,0.0568,Do Not Irrigate,"Synthetic label derived from temperature, soil moisture and humidity"
READ1613,23.46,30.68,59.73,0.6209,Irrigate,"Synthetic label derived from temperature, soil moisture and humidity"
READ1614,39.62,25.9,44.92,0.3634,Irrigate,"Synthetic label derived from temperature, soil moisture and humidity"
READ1615,38.45,33.98,54.62,0.4931,Irrigate,"Synthetic label derived from temperature, soil moisture and humidity"
READ1616,49.67,22.65,60.98,0.2273,Do Not Irrigate,"Synthetic label derived from temperature, soil moisture and humidity"
READ1617,38.09,33.05,52.8,0.4713,Irrigate,"Synthetic label derived from temperature, soil moisture and humidity"
READ1618,62.43,25.68,63.45,0.0766,Do Not Irrigate,"Synthetic label derived from temperature, soil moisture and humidity"
READ1619,56.81,17.1,41.04,0.2097,Do Not Irrigate,"Synthetic label derived from temperature, soil moisture and humidity"
READ1620,69.52,24.45,60.07,0.0598,Do Not Irrigate,"Synthetic label derived from temperature, soil moisture and humidity"
READ1621,64.71,18.86,52.37,0.0611,Do Not Irrigate,"Synthetic label derived from temperature, soil moisture and humidity"
READ1622,64.84,41.49,60.26,0.2466,Do Not Irrigate,"Synthetic label derived from temperature, soil moisture and humidity"
READ1623,60.63,35.6,64.3,0.2137,Do Not Irrigate,"Synthetic label derived from temperature, soil moisture and humidity"
READ1624,68.41,32.32,50.69,0.1999,Do Not Irrigate,"Synthetic label derived from temperature, soil moisture and humidity"
READ1625,68.96,34.91,62.2,0.1792,Do Not Irrigate,"Synthetic label derived from temperature, soil moisture and humidity"
READ1626,72.18,22.95,68.26,0.0,Do Not Irrigate,"Synthetic label derived from temperature, soil moisture and humidity"
READ1627,69.92,27.71,78.22,0.0663,Do Not Irrigate,"Synthetic label derived from temperature, soil moisture and humidity"
READ1628,37.87,36.12,81.61,0.4908,Irrigate,"Synthetic label derived from temperature, soil moisture and humidity"
READ1629,44.34,27.47,64.75,0.2833,Irrigate,"Synthetic label derived from temperature, soil moisture and humidity"
READ1630,78.69,29.72,30.56,0.223,Do Not Irrigate,"Synthetic label derived from temperature, soil moisture and humidity"
READ1631,50.13,28.63,58.58,0.3,Irrigate,"Synthetic label derived from temperature, soil moisture and humidity"
READ1632,70.68,30.42,58.93,0.1361,Do Not Irrigate,"Synthetic label derived from temperature, soil moisture and humidity"
READ1633,55.27,24.99,69.95,0.1488,Do Not Irrigate,"Synthetic label derived from temperature, soil moisture and humidity"
READ1634,76.57,35.28,54.77,0.2419,Do Not Irrigate,"Synthetic label derived from temperature, soil moisture and humidity"
READ1635,41.69,32.48,56.8,0.396,Irrigate,"Synthetic label derived from temperature, soil moisture and humidity"
READ1636,58.92,15.63,41.99,0.16,Do Not Irrigate,"Synthetic label derived from temperature, soil moisture and humidity"
READ1637,56.15,27.15,44.05,0.2086,Do Not Irrigate,"Synthetic label derived from temperature, soil moisture and humidity"
READ1638,60.48,31.91,62.81,0.2305,Do Not Irrigate,"Synthetic label derived from temperature, soil moisture and humidity"
READ1639,60.56,25.26,59.63,0.0699,Do Not Irrigate,"Synthetic label derived from temperature, soil moisture and humidity"
READ1640,53.49,34.56,71.22,0.3257,Irrigate,"Synthetic label derived from temperature, soil moisture and humidity"
READ1641,50.76,35.73,60.68,0.4054,Irrigate,"Synthetic label derived from temperature, soil moisture and humidity"
READ1642,54.69,32.54,80.7,0.2252,Do Not Irrigate,"Synthetic label derived from temperature, soil moisture and humidity"
READ1643,58.06,35.44,61.4,0.2358,Do Not Irrigate,"Synthetic label derived from temperature, soil moisture and humidity"
READ1644,85.0,26.65,64.91,0.1018,Do Not Irrigate,"Synthetic label derived from temperature, soil moisture and humidity"
READ1645,46.48,23.96,66.04,0.1751,Do Not Irrigate,"Synthetic label derived from temperature, soil moisture and humidity"
READ1646,50.97,30.23,59.76,0.2389,Do Not Irrigate,"Synthetic label derived from temperature, soil moisture and humidity"
READ1647,77.32,29.52,80.17,0.0688,Do Not Irrigate,"Synthetic label derived from temperature, soil moisture and humidity"
READ1648,42.68,30.35,60.41,0.3401,Irrigate,"Synthetic label derived from temperature, soil moisture and humidity"
READ1649,75.58,25.89,40.92,0.1683,Do Not Irrigate,"Synthetic label derived from temperature, soil moisture and humidity"
READ1650,47.94,25.96,41.82,0.3651,Irrigate,"Synthetic label derived from temperature, soil moisture and humidity"
READ1651,36.95,29.29,73.95,0.3953,Irrigate,"Synthetic label derived from temperature, soil moisture and humidity"
READ1652,54.16,20.49,53.28,0.189,Do Not Irrigate,"Synthetic label derived from temperature, soil moisture and humidity"
READ1653,43.98,30.02,71.18,0.3532,Irrigate,"Synthetic label derived from temperature, soil moisture and humidity"
READ1654,37.83,39.98,72.21,0.5267,Irrigate,"Synthetic label derived from temperature, soil moisture and humidity"
READ1655,70.25,40.83,45.74,0.3147,Irrigate,"Synthetic label derived from temperature, soil moisture and humidity"
READ1656,21.7,29.96,67.38,0.5768,Irrigate,"Synthetic label derived from temperature, soil moisture and humidity"
READ1657,45.84,18.75,67.48,0.2753,Irrigate,"Synthetic label derived from temperature, soil moisture and humidity"
READ1658,46.73,31.2,44.18,0.4055,Irrigate,"Synthetic label derived from temperature, soil moisture and humidity"
READ1659,49.49,25.19,53.88,0.2372,Do Not Irrigate,"Synthetic label derived from temperature, soil moisture and humidity"
READ1660,60.35,22.44,58.23,0.0997,Do Not Irrigate,"Synthetic label derived from temperature, soil moisture and humidity"
READ1661,39.61,37.98,52.76,0.5178,Irrigate,"Synthetic label derived from temperature, soil moisture and humidity"
READ1662,41.3,37.99,69.63,0.4408,Irrigate,"Synthetic label derived from temperature, soil moisture and humidity"
READ1663,70.49,30.0,66.09,0.0998,Do Not Irrigate,"Synthetic label derived from temperature, soil moisture and humidity"
READ1664,44.51,30.69,56.46,0.4266,Irrigate,"Synthetic label derived from temperature, soil moisture and humidity"
READ1665,37.23,36.68,61.66,0.528,Irrigate,"Synthetic label derived from temperature, soil moisture and humidity"
READ1666,66.66,25.85,73.37,0.0,Do Not Irrigate,"Synthetic label derived from temperature, soil moisture and humidity"
READ1667,44.92,24.38,47.96,0.299,Irrigate,"Synthetic label derived from temperature, soil moisture and humidity"
READ1668,60.4,32.51,65.89,0.1758,Do Not Irrigate,"Synthetic label derived from temperature, soil moisture and humidity"
READ1669,60.17,29.62,74.23,0.1564,Do Not Irrigate,"Synthetic label derived from temperature, soil moisture and humidity"
READ1670,55.43,24.51,55.16,0.1546,Do Not Irrigate,"Synthetic label derived from temperature, soil moisture and humidity"
READ1671,50.59,30.34,71.58,0.254,Do Not Irrigate,"Synthetic label derived from temperature, soil moisture and humidity"
READ1672,55.23,29.72,56.81,0.2128,Do Not Irrigate,"Synthetic label derived from temperature, soil moisture and humidity"
READ1673,30.42,25.52,68.68,0.3962,Irrigate,"Synthetic label derived from temperature, soil moisture and humidity"
READ1674,51.67,31.33,69.25,0.2321,Do Not Irrigate,"Synthetic label derived from temperature, soil moisture and humidity"
READ1675,68.96,34.64,49.44,0.1997,Do Not Irrigate,"Synthetic label derived from temperature, soil moisture and humidity"
READ1676,71.68,28.27,36.36,0.1332,Do Not Irrigate,"Synthetic label derived from temperature, soil moisture and humidity"
READ1677,51.51,23.18,58.04,0.199,Do Not Irrigate,"Synthetic label derived from temperature, soil moisture and humidity"
READ1678,75.47,27.55,75.87,0.0921,Do Not Irrigate,"Synthetic label derived from temperature, soil moisture and humidity"
READ1679,75.08,30.42,39.44,0.2097,Do Not Irrigate,"Synthetic label derived from temperature, soil moisture and humidity"
READ1680,69.68,28.59,83.94,0.0896,Do Not Irrigate,"Synthetic label derived from temperature, soil moisture and humidity"
READ1681,62.96,34.43,67.0,0.1164,Do Not Irrigate,"Synthetic label derived from temperature, soil moisture and humidity"
READ1682,48.01,34.99,53.31,0.3963,Irrigate,"Synthetic label derived from temperature, soil moisture and humidity"
READ1683,40.37,37.92,83.18,0.4355,Irrigate,"Synthetic label derived from temperature, soil moisture and humidity"
READ1684,57.06,25.6,70.38,0.1379,Do Not Irrigate,"Synthetic label derived from temperature, soil moisture and humidity"
READ1685,66.36,30.66,95.0,0.0617,Do Not Irrigate,"Synthetic label derived from temperature, soil moisture and humidity"
READ1686,31.05,27.03,44.18,0.4602,Irrigate,"Synthetic label derived from temperature, soil moisture and humidity"
READ1687,40.98,24.39,51.54,0.3533,Irrigate,"Synthetic label derived from temperature, soil moisture and humidity"
READ1688,47.91,28.1,73.73,0.2242,Do Not Irrigate,"Synthetic label derived from temperature, soil moisture and humidity"
READ1689,51.3,30.83,39.7,0.2787,Irrigate,"Synthetic label derived from temperature, soil moisture and humidity"
READ1690,59.85,31.46,87.77,0.1646,Do Not Irrigate,"Synthetic label derived from temperature, soil moisture and humidity"
READ1691,66.48,28.02,66.57,0.1312,Do Not Irrigate,"Synthetic label derived from temperature, soil moisture and humidity"
READ1692,25.26,31.07,88.63,0.5401,Irrigate,"Synthetic label derived from temperature, soil moisture and humidity"
READ1693,78.11,25.85,62.62,0.0639,Do Not Irrigate,"Synthetic label derived from temperature, soil moisture and humidity"
READ1694,23.95,23.16,49.84,0.5479,Irrigate,"Synthetic label derived from temperature, soil moisture and humidity"
READ1695,67.21,30.62,72.89,0.0934,Do Not Irrigate,"Synthetic label derived from temperature, soil moisture and humidity"
READ1696,71.83,29.04,63.69,0.096,Do Not Irrigate,"Synthetic label derived from temperature, soil moisture and humidity"
READ1697,64.58,26.89,74.72,0.0116,Do Not Irrigate,"Synthetic label derived from temperature, soil moisture and humidity"
READ1698,39.62,32.44,61.94,0.4197,Irrigate,"Synthetic label derived from temperature, soil moisture and humidity"
READ1699,67.46,25.96,60.6,0.1125,Do Not Irrigate,"Synthetic label derived from temperature, soil moisture and humidity"
READ1700,76.55,36.86,59.61,0.2617,Irrigate,"Synthetic label derived from temperature, soil moisture and humidity"
READ1701,41.71,24.47,34.79,0.4313,Irrigate,"Synthetic label derived from temperature, soil moisture and humidity"
READ1702,42.9,28.37,52.08,0.3913,Irrigate,"Synthetic label derived from temperature, soil moisture and humidity"
READ1703,49.74,22.48,68.3,0.1435,Do Not Irrigate,"Synthetic label derived from temperature, soil moisture and humidity"
READ1704,43.28,18.47,45.91,0.3296,Irrigate,"Synthetic label derived from temperature, soil moisture and humidity"
READ1705,27.5,21.59,62.97,0.4289,Irrigate,"Synthetic label derived from temperature, soil moisture and humidity"
READ1706,82.89,38.17,52.58,0.2808,Irrigate,"Synthetic label derived from temperature, soil moisture and humidity"
READ1707,65.49,26.01,45.05,0.1174,Do Not Irrigate,"Synthetic label derived from temperature, soil moisture and humidity"
READ1708,52.58,26.82,68.31,0.1722,Do Not Irrigate,"Synthetic label derived from temperature, soil moisture and humidity"
READ1709,38.87,29.55,67.63,0.3489,Irrigate,"Synthetic label derived from temperature, soil moisture and humidity"
READ1710,67.99,20.15,56.06,0.0491,Do Not Irrigate,"Synthetic label derived from temperature, soil moisture and humidity"
READ1711,46.09,26.17,85.45,0.2109,Do Not Irrigate,"Synthetic label derived from temperature, soil moisture and humidity"
READ1712,89.18,31.19,64.1,0.1468,Do Not Irrigate,"Synthetic label derived from temperature, soil moisture and humidity"
READ1713,90.42,24.03,49.55,0.0541,Do Not Irrigate,"Synthetic label derived from temperature, soil moisture and humidity"
READ1714,55.45,20.37,63.27,0.1902,Do Not Irrigate,"Synthetic label derived from temperature, soil moisture and humidity"
READ1715,57.12,27.54,55.58,0.2203,Do Not Irrigate,"Synthetic label derived from temperature, soil moisture and humidity"
READ1716,43.44,38.23,86.2,0.4406,Irrigate,"Synthetic label derived from temperature, soil moisture and humidity"
READ1717,54.84,34.15,76.14,0.2277,Do Not Irrigate,"Synthetic label derived from temperature, soil moisture and humidity"
READ1718,47.63,22.39,67.91,0.2308,Do Not Irrigate,"Synthetic label derived from temperature, soil moisture and humidity"
READ1719,36.1,26.72,46.83,0.4106,Irrigate,"Synthetic label derived from temperature, soil moisture and humidity"
READ1720,62.71,25.33,59.39,0.0415,Do Not Irrigate,"Synthetic label derived from temperature, soil moisture and humidity"
READ1721,57.62,28.78,54.25,0.2035,Do Not Irrigate,"Synthetic label derived from temperature, soil moisture and humidity"
READ1722,57.52,24.93,45.28,0.2377,Do Not Irrigate,"Synthetic label derived from temperature, soil moisture and humidity"
READ1723,46.13,28.52,75.13,0.3744,Irrigate,"Synthetic label derived from temperature, soil moisture and humidity"
READ1724,37.58,31.25,54.51,0.4451,Irrigate,"Synthetic label derived from temperature, soil moisture and humidity"
READ1725,44.92,23.37,62.5,0.2123,Do Not Irrigate,"Synthetic label derived from temperature, soil moisture and humidity"
READ1726,68.26,29.28,68.07,0.0801,Do Not Irrigate,"Synthetic label derived from temperature, soil moisture and humidity"
READ1727,49.86,30.44,49.03,0.3218,Irrigate,"Synthetic label derived from temperature, soil moisture and humidity"
READ1728,42.97,24.55,37.68,0.4001,Irrigate,"Synthetic label derived from temperature, soil moisture and humidity"
READ1729,45.39,34.82,75.83,0.3256,Irrigate,"Synthetic label derived from temperature, soil moisture and humidity"
READ1730,39.76,41.8,84.01,0.5216,Irrigate,"Synthetic label derived from temperature, soil moisture and humidity"
READ1731,58.6,25.85,68.19,0.0943,Do Not Irrigate,"Synthetic label derived from temperature, soil moisture and humidity"
READ1732,26.55,22.39,63.25,0.4208,Irrigate,"Synthetic label derived from temperature, soil moisture and humidity"
READ1733,54.06,23.63,53.61,0.2091,Do Not Irrigate,"Synthetic label derived from temperature, soil moisture and humidity"
READ1734,58.46,28.95,73.55,0.1588,Do Not Irrigate,"Synthetic label derived from temperature, soil moisture and humidity"
READ1735,75.25,26.7,57.84,0.0499,Do Not Irrigate,"Synthetic label derived from temperature, soil moisture and humidity"
READ1736,48.99,33.82,78.6,0.3399,Irrigate,"Synthetic label derived from temperature, soil moisture and humidity"
READ1737,29.88,34.42,40.94,0.6569,Irrigate,"Synthetic label derived from temperature, soil moisture and humidity"
READ1738,49.85,32.51,47.01,0.4026,Irrigate,"Synthetic label derived from temperature, soil moisture and humidity"
READ1739,34.49,25.66,51.02,0.3752,Irrigate,"Synthetic label derived from temperature, soil moisture and humidity"
READ1740,56.32,38.03,95.0,0.2924,Irrigate,"Synthetic label derived from temperature, soil moisture and humidity"
READ1741,70.63,30.16,68.99,0.0933,Do Not Irrigate,"Synthetic label derived from temperature, soil moisture and humidity"
READ1742,57.73,31.69,56.06,0.2406,Do Not Irrigate,"Synthetic label derived from temperature, soil moisture and humidity"
READ1743,54.18,33.13,50.21,0.3177,Irrigate,"Synthetic label derived from temperature, soil moisture and humidity"
READ1744,81.77,34.82,79.19,0.151,Do Not Irrigate,"Synthetic label derived from temperature, soil moisture and humidity"
READ1745,59.49,34.01,81.72,0.1406,Do Not Irrigate,"Synthetic label derived from temperature, soil moisture and humidity"
READ1746,36.58,35.55,59.68,0.4962,Irrigate,"Synthetic label derived from temperature, soil moisture and humidity"
READ1747,37.44,26.22,46.17,0.4808,Irrigate,"Synthetic label derived from temperature, soil moisture and humidity"
READ1748,54.69,28.71,70.06,0.2216,Do Not Irrigate,"Synthetic label derived from temperature, soil moisture and humidity"
READ1749,68.24,34.37,55.43,0.1938,Do Not Irrigate,"Synthetic label derived from temperature, soil moisture and humidity"
READ1750,65.77,26.36,62.94,0.081,Do Not Irrigate,"Synthetic label derived from temperature, soil moisture and humidity"
READ1751,65.99,20.11,71.58,0.0033,Do Not Irrigate,"Synthetic label derived from temperature, soil moisture and humidity"
READ1752,64.9,32.88,82.29,0.165,Do Not Irrigate,"Synthetic label derived from temperature, soil moisture and humidity"
READ1753,73.85,36.22,66.5,0.1962,Do Not Irrigate,"Synthetic label derived from temperature, soil moisture and humidity"
READ1754,67.22,32.66,59.29,0.1796,Do Not Irrigate,"Synthetic label derived from temperature, soil moisture and humidity"
READ1755,54.51,24.73,78.49,0.1263,Do Not Irrigate,"Synthetic label derived from temperature, soil moisture and humidity"
READ1756,83.68,20.87,56.32,0.057,Do Not Irrigate,"Synthetic label derived from temperature, soil moisture and humidity"
READ1757,70.92,31.0,66.73,0.0882,Do Not Irrigate,"Synthetic label derived from temperature, soil moisture and humidity"
READ1758,38.8,30.61,46.63,0.4468,Irrigate,"Synthetic label derived from temperature, soil moisture and humidity"
READ1759,62.01,24.09,82.26,0.0705,Do Not Irrigate,"Synthetic label derived from temperature, soil moisture and humidity"
READ1760,33.0,24.34,35.57,0.4486,Irrigate,"Synthetic label derived from temperature, soil moisture and humidity"
READ1761,65.73,26.93,68.53,0.0144,Do Not Irrigate,"Synthetic label derived from temperature, soil moisture and humidity"
READ1762,66.17,26.22,63.15,0.0637,Do Not Irrigate,"Synthetic label derived from temperature, soil moisture and humidity"
READ1763,37.2,23.23,74.61,0.3164,Irrigate,"Synthetic label derived from temperature, soil moisture and humidity"
READ1764,69.7,30.62,64.72,0.0711,Do Not Irrigate,"Synthetic label derived from temperature, soil moisture and humidity"
READ1765,51.21,28.86,86.44,0.2385,Do Not Irrigate,"Synthetic label derived from temperature, soil moisture and humidity"
READ1766,76.5,31.99,54.46,0.1761,Do Not Irrigate,"Synthetic label derived from temperature, soil moisture and humidity"
READ1767,58.31,24.3,58.39,0.1209,Do Not Irrigate,"Synthetic label derived from temperature, soil moisture and humidity"
READ1768,77.48,18.6,77.47,0.0,Do Not Irrigate,"Synthetic label derived from temperature, soil moisture and humidity"
READ1769,35.79,34.9,71.78,0.5173,Irrigate,"Synthetic label derived from temperature, soil moisture and humidity"
READ1770,66.21,39.3,69.7,0.2237,Do Not Irrigate,"Synthetic label derived from temperature, soil moisture and humidity"
READ1771,59.8,35.22,53.65,0.257,Do Not Irrigate,"Synthetic label derived from temperature, soil moisture and humidity"
READ1772,50.67,18.48,64.66,0.1307,Do Not Irrigate,"Synthetic label derived from temperature, soil moisture and humidity"
READ1773,55.74,33.33,57.28,0.334,Irrigate,"Synthetic label derived from temperature, soil moisture and humidity"
READ1774,34.55,34.96,71.1,0.4445,Irrigate,"Synthetic label derived from temperature, soil moisture and humidity"
READ1775,92.95,28.68,52.47,0.0904,Do Not Irrigate,"Synthetic label derived from temperature, soil moisture and humidity"
READ1776,51.92,28.36,64.23,0.2267,Do Not Irrigate,"Synthetic label derived from temperature, soil moisture and humidity"
READ1777,63.87,27.06,39.78,0.1561,Do Not Irrigate,"Synthetic label derived from temperature, soil moisture and humidity"
READ1778,21.86,30.77,51.25,0.6408,Irrigate,"Synthetic label derived from temperature, soil moisture and humidity"
READ1779,73.4,24.26,75.74,0.0,Do Not Irrigate,"Synthetic label derived from temperature, soil moisture and humidity"
READ1780,79.54,27.17,52.91,0.131,Do Not Irrigate,"Synthetic label derived from temperature, soil moisture and humidity"
READ1781,48.9,24.79,57.27,0.2385,Do Not Irrigate,"Synthetic label derived from temperature, soil moisture and humidity"
READ1782,73.79,19.33,63.28,0.0539,Do Not Irrigate,"Synthetic label derived from temperature, soil moisture and humidity"
READ1783,57.71,35.55,62.11,0.2731,Irrigate,"Synthetic label derived from temperature, soil moisture and humidity"
READ1784,63.29,29.5,58.32,0.1605,Do Not Irrigate,"Synthetic label derived from temperature, soil moisture and humidity"
READ1785,45.86,25.94,56.66,0.3314,Irrigate,"Synthetic label derived from temperature, soil moisture and humidity"
READ1786,10.0,30.98,63.41,0.6813,Irrigate,"Synthetic label derived from temperature, soil moisture and humidity"
READ1787,59.34,31.38,70.08,0.0995,Do Not Irrigate,"Synthetic label derived from temperature, soil moisture and humidity"
READ1788,74.13,25.31,71.24,0.0517,Do Not Irrigate,"Synthetic label derived from temperature, soil moisture and humidity"
READ1789,42.73,32.3,58.37,0.346,Irrigate,"Synthetic label derived from temperature, soil moisture and humidity"
READ1790,71.35,25.12,52.75,0.0703,Do Not Irrigate,"Synthetic label derived from temperature, soil moisture and humidity"
READ1791,58.81,28.71,69.58,0.1091,Do Not Irrigate,"Synthetic label derived from temperature, soil moisture and humidity"
READ1792,44.61,28.42,85.77,0.2804,Irrigate,"Synthetic label derived from temperature, soil moisture and humidity"
READ1793,70.19,29.19,57.2,0.1181,Do Not Irrigate,"Synthetic label derived from temperature, soil moisture and humidity"
READ1794,52.64,32.02,79.5,0.257,Do Not Irrigate,"Synthetic label derived from temperature, soil moisture and humidity"
READ1795,71.62,24.18,58.02,0.0316,Do Not Irrigate,"Synthetic label derived from temperature, soil moisture and humidity"
READ1796,59.4,27.21,71.76,0.0874,Do Not Irrigate,"Synthetic label derived from temperature, soil moisture and humidity"
READ1797,55.6,32.43,38.22,0.3937,Irrigate,"Synthetic label derived from temperature, soil moisture and humidity"
READ1798,51.04,18.87,64.9,0.1836,Do Not Irrigate,"Synthetic label derived from temperature, soil moisture and humidity"
READ1799,53.85,33.96,71.97,0.2779,Irrigate,"Synthetic label derived from temperature, soil moisture and humidity"
READ1800,61.3,28.48,84.31,0.0582,Do Not Irrigate,"Synthetic label derived from temperature, soil moisture and humidity"
READ1801,56.96,29.33,72.76,0.1431,Do Not Irrigate,"Synthetic label derived from temperature, soil moisture and humidity"
READ1802,30.59,29.78,66.37,0.5263,Irrigate,"Synthetic label derived from temperature, soil moisture and humidity"
READ1803,37.21,34.77,91.41,0.4414,Irrigate,"Synthetic label derived from temperature, soil moisture and humidity"
READ1804,36.93,26.97,63.17,0.3998,Irrigate,"Synthetic label derived from temperature, soil moisture and humidity"
READ1805,46.72,36.78,49.63,0.4008,Irrigate,"Synthetic label derived from temperature, soil moisture and humidity"
READ1806,70.49,17.63,60.55,0.1369,Do Not Irrigate,"Synthetic label derived from temperature, soil moisture and humidity"
READ1807,54.83,23.4,62.31,0.1475,Do Not Irrigate,"Synthetic label derived from temperature, soil moisture and humidity"
READ1808,57.25,32.31,50.53,0.324,Irrigate,"Synthetic label derived from temperature, soil moisture and humidity"
READ1809,58.43,32.63,55.46,0.2888,Irrigate,"Synthetic label derived from temperature, soil moisture and humidity"
READ1810,51.4,30.39,51.8,0.2768,Irrigate,"Synthetic label derived from temperature, soil moisture and humidity"
READ1811,64.63,26.78,52.75,0.0901,Do Not Irrigate,"Synthetic label derived from temperature, soil moisture and humidity"
READ1812,64.79,25.85,61.59,0.0688,Do Not Irrigate,"Synthetic label derived from temperature, soil moisture and humidity"
READ1813,28.16,21.64,67.04,0.4037,Irrigate,"Synthetic label derived from temperature, soil moisture and humidity"
READ1814,69.79,33.83,71.63,0.2013,Do Not Irrigate,"Synthetic label derived from temperature, soil moisture and humidity"
READ1815,53.84,32.24,55.99,0.3669,Irrigate,"Synthetic label derived from temperature, soil moisture and humidity"
READ1816,82.77,29.06,67.64,0.1331,Do Not Irrigate,"Synthetic label derived from temperature, soil moisture and humidity"
READ1817,52.94,25.72,73.49,0.1623,Do Not Irrigate,"Synthetic label derived from temperature, soil moisture and humidity"
READ1818,57.56,24.83,42.39,0.1976,Do Not Irrigate,"Synthetic label derived from temperature, soil moisture and humidity"
READ1819,67.67,27.87,80.24,0.0326,Do Not Irrigate,"Synthetic label derived from temperature, soil moisture and humidity"
READ1820,40.23,28.66,62.01,0.397,Irrigate,"Synthetic label derived from temperature, soil moisture and humidity"
READ1821,44.15,35.84,86.6,0.3907,Irrigate,"Synthetic label derived from temperature, soil moisture and humidity"
READ1822,72.5,23.72,75.9,0.0314,Do Not Irrigate,"Synthetic label derived from temperature, soil moisture and humidity"
READ1823,67.09,28.92,27.55,0.1915,Do Not Irrigate,"Synthetic label derived from temperature, soil moisture and humidity"
READ1824,46.24,24.11,64.47,0.2252,Do Not Irrigate,"Synthetic label derived from temperature, soil moisture and humidity"
READ1825,43.46,23.71,54.41,0.3304,Irrigate,"Synthetic label derived from temperature, soil moisture and humidity"
READ1826,45.75,26.43,57.52,0.3063,Irrigate,"Synthetic label derived from temperature, soil moisture and humidity"
READ1827,61.39,15.0,75.26,0.0825,Do Not Irrigate,"Synthetic label derived from temperature, soil moisture and humidity"
READ1828,40.3,24.14,57.6,0.3009,Irrigate,"Synthetic label derived from temperature, soil moisture and humidity"
READ1829,58.13,19.27,49.58,0.1973,Do Not Irrigate,"Synthetic label derived from temperature, soil moisture and humidity"
READ1830,42.0,35.22,67.26,0.3756,Irrigate,"Synthetic label derived from temperature, soil moisture and humidity"
READ1831,63.89,28.41,57.53,0.1331,Do Not Irrigate,"Synthetic label derived from temperature, soil moisture and humidity"
READ1832,61.64,32.54,77.14,0.1674,Do Not Irrigate,"Synthetic label derived from temperature, soil moisture and humidity"
READ1833,35.74,26.63,95.0,0.3775,Irrigate,"Synthetic label derived from temperature, soil moisture and humidity"
READ1834,88.17,35.98,65.9,0.2027,Do Not Irrigate,"Synthetic label derived from temperature, soil moisture and humidity"
READ1835,54.49,20.31,63.22,0.1863,Do Not Irrigate,"Synthetic label derived from temperature, soil moisture and humidity"
READ1836,46.61,31.06,73.22,0.2768,Irrigate,"Synthetic label derived from temperature, soil moisture and humidity"
READ1837,48.68,23.91,53.13,0.205,Do Not Irrigate,"Synthetic label derived from temperature, soil moisture and humidity"
READ1838,42.39,36.1,52.01,0.4874,Irrigate,"Synthetic label derived from temperature, soil moisture and humidity"
READ1839,47.96,34.89,78.73,0.3631,Irrigate,"Synthetic label derived from temperature, soil moisture and humidity"
READ1840,59.29,27.84,48.7,0.2529,Do Not Irrigate,"Synthetic label derived from temperature, soil moisture and humidity"
READ1841,44.36,32.32,75.71,0.324,Irrigate,"Synthetic label derived from temperature, soil moisture and humidity"
READ1842,69.53,32.82,83.74,0.1084,Do Not Irrigate,"Synthetic label derived from temperature, soil moisture and humidity"
READ1843,37.0,26.47,65.51,0.37,Irrigate,"Synthetic label derived from temperature, soil moisture and humidity"
READ1844,49.49,19.45,68.65,0.2474,Do Not Irrigate,"Synthetic label derived from temperature, soil moisture and humidity"
READ1845,61.5,32.05,69.87,0.1772,Do Not Irrigate,"Synthetic label derived from temperature, soil moisture and humidity"
READ1846,68.04,30.98,59.25,0.1203,Do Not Irrigate,"Synthetic label derived from temperature, soil moisture and humidity"
READ1847,51.51,30.57,59.21,0.2952,Irrigate,"Synthetic label derived from temperature, soil moisture and humidity"
READ1848,61.15,33.17,78.39,0.1717,Do Not Irrigate,"Synthetic label derived from temperature, soil moisture and humidity"
READ1849,36.69,27.27,63.53,0.3336,Irrigate,"Synthetic label derived from temperature, soil moisture and humidity"
READ1850,74.44,29.71,67.58,0.1426,Do Not Irrigate,"Synthetic label derived from temperature, soil moisture and humidity"
READ1851,46.18,31.87,61.68,0.3491,Irrigate,"Synthetic label derived from temperature, soil moisture and humidity"
READ1852,44.19,37.33,58.49,0.4826,Irrigate,"Synthetic label derived from temperature, soil moisture and humidity"
READ1853,28.75,34.9,75.63,0.5498,Irrigate,"Synthetic label derived from temperature, soil moisture and humidity"
READ1854,51.82,31.0,90.47,0.1881,Do Not Irrigate,"Synthetic label derived from temperature, soil moisture and humidity"
READ1855,65.95,24.44,62.76,0.0354,Do Not Irrigate,"Synthetic label derived from temperature, soil moisture and humidity"
READ1856,49.0,28.95,49.39,0.3509,Irrigate,"Synthetic label derived from temperature, soil moisture and humidity"
READ1857,29.88,31.7,59.08,0.5027,Irrigate,"Synthetic label derived from temperature, soil moisture and humidity"
READ1858,57.83,21.22,63.48,0.0701,Do Not Irrigate,"Synthetic label derived from temperature, soil moisture and humidity"
READ1859,61.46,24.38,57.59,0.1049,Do Not Irrigate,"Synthetic label derived from temperature, soil moisture and humidity"
READ1860,44.18,28.71,44.83,0.4019,Irrigate,"Synthetic label derived from temperature, soil moisture and humidity"
READ1861,79.71,42.0,64.09,0.3064,Irrigate,"Synthetic label derived from temperature, soil moisture and humidity"
READ1862,30.07,36.51,72.31,0.5484,Irrigate,"Synthetic label derived from temperature, soil moisture and humidity"
READ1863,72.32,27.73,57.5,0.1185,Do Not Irrigate,"Synthetic label derived from temperature, soil moisture and humidity"
READ1864,40.11,34.11,50.33,0.4544,Irrigate,"Synthetic label derived from temperature, soil moisture and humidity"
READ1865,42.26,32.8,55.6,0.388,Irrigate,"Synthetic label derived from temperature, soil moisture and humidity"
READ1866,46.52,28.84,48.83,0.3128,Irrigate,"Synthetic label derived from temperature, soil moisture and humidity"
READ1867,84.56,24.7,59.12,0.0463,Do Not Irrigate,"Synthetic label derived from temperature, soil moisture and humidity"
READ1868,49.1,32.11,74.38,0.2787,Irrigate,"Synthetic label derived from temperature, soil moisture and humidity"
READ1869,37.69,35.37,61.86,0.5472,Irrigate,"Synthetic label derived from temperature, soil moisture and humidity"
READ1870,23.56,29.98,86.02,0.5245,Irrigate,"Synthetic label derived from temperature, soil moisture and humidity"
READ1871,51.84,30.48,56.29,0.2803,Irrigate,"Synthetic label derived from temperature, soil moisture and humidity"
READ1872,50.27,25.86,77.75,0.2004,Do Not Irrigate,"Synthetic label derived from temperature, soil moisture and humidity"
READ1873,58.51,33.04,59.83,0.2187,Do Not Irrigate,"Synthetic label derived from temperature, soil moisture and humidity"
READ1874,46.56,29.01,50.29,0.3298,Irrigate,"Synthetic label derived from temperature, soil moisture and humidity"
READ1875,47.77,39.62,29.71,0.5354,Irrigate,"Synthetic label derived from temperature, soil moisture and humidity"
READ1876,79.16,29.61,72.04,0.0898,Do Not Irrigate,"Synthetic label derived from temperature, soil moisture and humidity"
READ1877,45.66,17.79,65.47,0.2163,Do Not Irrigate,"Synthetic label derived from temperature, soil moisture and humidity"
READ1878,43.8,26.51,83.94,0.3383,Irrigate,"Synthetic label derived from temperature, soil moisture and humidity"
READ1879,58.04,26.68,48.87,0.2055,Do Not Irrigate,"Synthetic label derived from temperature, soil moisture and humidity"
READ1880,79.96,27.76,34.45,0.194,Do Not Irrigate,"Synthetic label derived from temperature, soil moisture and humidity"
READ1881,68.8,21.07,65.12,0.0432,Do Not Irrigate,"Synthetic label derived from temperature, soil moisture and humidity"
READ1882,53.98,25.05,75.19,0.1227,Do Not Irrigate,"Synthetic label derived from temperature, soil moisture and humidity"
READ1883,34.21,18.75,78.13,0.3544,Irrigate,"Synthetic label derived from temperature, soil moisture and humidity"
READ1884,56.23,26.8,56.65,0.1573,Do Not Irrigate,"Synthetic label derived from temperature, soil moisture and humidity"
READ1885,48.96,18.4,54.17,0.2282,Do Not Irrigate,"Synthetic label derived from temperature, soil moisture and humidity"
READ1886,63.54,28.8,72.54,0.1305,Do Not Irrigate,"Synthetic label derived from temperature, soil moisture and humidity"
READ1887,69.81,31.35,63.14,0.1083,Do Not Irrigate,"Synthetic label derived from temperature, soil moisture and humidity"
READ1888,65.36,37.4,67.11,0.2673,Irrigate,"Synthetic label derived from temperature, soil moisture and humidity"
READ1889,33.64,23.23,73.26,0.3552,Irrigate,"Synthetic label derived from temperature, soil moisture and humidity"
READ1890,73.39,28.92,52.58,0.1292,Do Not Irrigate,"Synthetic label derived from temperature, soil moisture and humidity"
READ1891,33.54,23.36,74.67,0.3703,Irrigate,"Synthetic label derived from temperature, soil moisture and humidity"
READ1892,60.08,20.39,58.7,0.0658,Do Not Irrigate,"Synthetic label derived from temperature, soil moisture and humidity"
READ1893,71.47,26.08,49.97,0.1049,Do Not Irrigate,"Synthetic label derived from temperature, soil moisture and humidity"
READ1894,46.04,36.42,54.18,0.3998,Irrigate,"Synthetic label derived from temperature, soil moisture and humidity"
READ1895,24.86,28.85,56.26,0.5186,Irrigate,"Synthetic label derived from temperature, soil moisture and humidity"
READ1896,71.65,32.34,62.66,0.1937,Do Not Irrigate,"Synthetic label derived from temperature, soil moisture and humidity"
READ1897,64.28,24.89,50.53,0.1182,Do Not Irrigate,"Synthetic label derived from temperature, soil moisture and humidity"
READ1898,60.55,29.85,52.84,0.2145,Do Not Irrigate,"Synthetic label derived from temperature, soil moisture and humidity"
READ1899,44.42,28.49,80.36,0.267,Irrigate,"Synthetic label derived from temperature, soil moisture and humidity"
READ1900,32.98,23.74,74.93,0.3572,Irrigate,"Synthetic label derived from temperature, soil moisture and humidity"
READ1901,53.2,26.45,68.82,0.1559,Do Not Irrigate,"Synthetic label derived from temperature, soil moisture and humidity"
READ1902,59.28,25.34,52.23,0.1303,Do Not Irrigate,"Synthetic label derived from temperature, soil moisture and humidity"
READ1903,49.74,28.76,65.83,0.1494,Do Not Irrigate,"Synthetic label derived from temperature, soil moisture and humidity"
READ1904,43.69,27.04,81.06,0.2423,Do Not Irrigate,"Synthetic label derived from temperature, soil moisture and humidity"
READ1905,57.28,36.48,47.24,0.3526,Irrigate,"Synthetic label derived from temperature, soil moisture and humidity"
READ1906,43.77,26.48,53.36,0.309,Irrigate,"Synthetic label derived from temperature, soil moisture and humidity"
READ1907,93.11,33.22,76.22,0.1428,Do Not Irrigate,"Synthetic label derived from temperature, soil moisture and humidity"
READ1908,32.51,30.97,75.88,0.4257,Irrigate,"Synthetic label derived from temperature, soil moisture and humidity"
READ1909,68.51,32.52,85.22,0.1058,Do Not Irrigate,"Synthetic label derived from temperature, soil moisture and humidity"
READ1910,39.63,27.19,80.23,0.2662,Irrigate,"Synthetic label derived from temperature, soil moisture and humidity"
READ1911,26.04,29.45,57.69,0.5528,Irrigate,"Synthetic label derived from temperature, soil moisture and humidity"
READ1912,68.23,26.24,40.52,0.1958,Do Not Irrigate,"Synthetic label derived from temperature, soil moisture and humidity"
READ1913,41.04,23.7,76.24,0.2499,Do Not Irrigate,"Synthetic label derived from temperature, soil moisture and humidity"
READ1914,54.11,31.41,76.0,0.2117,Do Not Irrigate,"Synthetic label derived from temperature, soil moisture and humidity"
READ1915,76.28,18.32,72.12,0.0,Do Not Irrigate,"Synthetic label derived from temperature, soil moisture and humidity"
READ1916,74.21,29.71,54.93,0.1594,Do Not Irrigate,"Synthetic label derived from temperature, soil moisture and humidity"
READ1917,67.5,32.21,50.64,0.1726,Do Not Irrigate,"Synthetic label derived from temperature, soil moisture and humidity"
READ1918,54.94,28.79,72.0,0.1249,Do Not Irrigate,"Synthetic label derived from temperature, soil moisture and humidity"
READ1919,59.68,27.55,52.94,0.1512,Do Not Irrigate,"Synthetic label derived from temperature, soil moisture and humidity"
READ1920,52.0,15.0,54.58,0.1768,Do Not Irrigate,"Synthetic label derived from temperature, soil moisture and humidity"
READ1921,62.46,24.97,60.42,0.1312,Do Not Irrigate,"Synthetic label derived from temperature, soil moisture and humidity"
READ1922,68.92,33.51,57.0,0.2024,Do Not Irrigate,"Synthetic label derived from temperature, soil moisture and humidity"
READ1923,51.73,28.02,67.92,0.204,Do Not Irrigate,"Synthetic label derived from temperature, soil moisture and humidity"
READ1924,75.9,28.2,70.42,0.1157,Do Not Irrigate,"Synthetic label derived from temperature, soil moisture and humidity"
READ1925,69.44,21.96,68.34,0.0455,Do Not Irrigate,"Synthetic label derived from temperature, soil moisture and humidity"
READ1926,67.49,23.43,55.12,0.0895,Do Not Irrigate,"Synthetic label derived from temperature, soil moisture and humidity"
READ1927,44.34,27.5,81.91,0.2726,Irrigate,"Synthetic label derived from temperature, soil moisture and humidity"
READ1928,44.83,24.61,66.99,0.2126,Do Not Irrigate,"Synthetic label derived from temperature, soil moisture and humidity"
READ1929,51.54,30.67,78.59,0.2595,Do Not Irrigate,"Synthetic label derived from temperature, soil moisture and humidity"
READ1930,45.0,34.89,59.41,0.3791,Irrigate,"Synthetic label derived from temperature, soil moisture and humidity"
READ1931,52.59,36.19,64.98,0.3351,Irrigate,"Synthetic label derived from temperature, soil moisture and humidity"
READ1932,77.92,21.84,47.57,0.0338,Do Not Irrigate,"Synthetic label derived from temperature, soil moisture and humidity"
READ1933,60.22,29.83,81.51,0.1405,Do Not Irrigate,"Synthetic label derived from temperature, soil moisture and humidity"
READ1934,49.34,29.01,64.41,0.222,Do Not Irrigate,"Synthetic label derived from temperature, soil moisture and humidity"
READ1935,92.94,31.6,65.52,0.1524,Do Not Irrigate,"Synthetic label derived from temperature, soil moisture and humidity"
READ1936,64.93,28.3,55.43,0.1371,Do Not Irrigate,"Synthetic label derived from temperature, soil moisture and humidity"
READ1937,60.4,24.95,80.03,0.0722,Do Not Irrigate,"Synthetic label derived from temperature, soil moisture and humidity"
READ1938,65.22,35.96,63.26,0.2108,Do Not Irrigate,"Synthetic label derived from temperature, soil moisture and humidity"
READ1939,66.34,25.38,63.65,0.0569,Do Not Irrigate,"Synthetic label derived from temperature, soil moisture and humidity"
READ1940,41.62,40.59,46.11,0.5332,Irrigate,"Synthetic label derived from temperature, soil moisture and humidity"
READ1941,73.4,32.57,50.69,0.2101,Do Not Irrigate,"Synthetic label derived from temperature, soil moisture and humidity"
READ1942,75.55,28.85,94.19,0.0156,Do Not Irrigate,"Synthetic label derived from temperature, soil moisture and humidity"
READ1943,64.71,34.83,73.7,0.1514,Do Not Irrigate,"Synthetic label derived from temperature, soil moisture and humidity"
READ1944,50.93,31.22,72.79,0.2784,Irrigate,"Synthetic label derived from temperature, soil moisture and humidity"
READ1945,69.56,23.91,60.27,0.016,Do Not Irrigate,"Synthetic label derived from temperature, soil moisture and humidity"
READ1946,49.59,34.08,64.3,0.4183,Irrigate,"Synthetic label derived from temperature, soil moisture and humidity"
READ1947,57.71,29.3,64.27,0.1662,Do Not Irrigate,"Synthetic label derived from temperature, soil moisture and humidity"
READ1948,54.19,34.64,64.37,0.2738,Irrigate,"Synthetic label derived from temperature, soil moisture and humidity"
READ1949,42.05,26.75,63.89,0.3577,Irrigate,"Synthetic label derived from temperature, soil moisture and humidity"
READ1950,36.23,27.4,64.73,0.3368,Irrigate,"Synthetic label derived from temperature, soil moisture and humidity"
READ1951,43.33,25.6,53.45,0.329,Irrigate,"Synthetic label derived from temperature, soil moisture and humidity"
READ1952,52.75,26.22,68.14,0.2368,Do Not Irrigate,"Synthetic label derived from temperature, soil moisture and humidity"
READ1953,77.95,19.39,69.92,0.0099,Do Not Irrigate,"Synthetic label derived from temperature, soil moisture and humidity"
READ1954,57.17,27.01,64.41,0.1635,Do Not Irrigate,"Synthetic label derived from temperature, soil moisture and humidity"
READ1955,46.89,24.52,57.62,0.2639,Irrigate,"Synthetic label derived from temperature, soil moisture and humidity"
READ1956,63.39,33.27,57.07,0.2086,Do Not Irrigate,"Synthetic label derived from temperature, soil moisture and humidity"
READ1957,68.48,34.83,62.29,0.1819,Do Not Irrigate,"Synthetic label derived from temperature, soil moisture and humidity"
READ1958,57.68,23.25,60.68,0.1452,Do Not Irrigate,"Synthetic label derived from temperature, soil moisture and humidity"
READ1959,63.99,27.65,65.61,0.0651,Do Not Irrigate,"Synthetic label derived from temperature, soil moisture and humidity"
READ1960,64.85,28.61,59.69,0.1008,Do Not Irrigate,"Synthetic label derived from temperature, soil moisture and humidity"
READ1961,54.12,26.76,70.9,0.1575,Do Not Irrigate,"Synthetic label derived from temperature, soil moisture and humidity"
READ1962,77.3,36.33,52.3,0.2414,Do Not Irrigate,"Synthetic label derived from temperature, soil moisture and humidity"
READ1963,45.89,27.37,87.03,0.246,Do Not Irrigate,"Synthetic label derived from temperature, soil moisture and humidity"
READ1964,60.04,31.71,50.99,0.2075,Do Not Irrigate,"Synthetic label derived from temperature, soil moisture and humidity"
READ1965,38.12,24.57,28.8,0.4561,Irrigate,"Synthetic label derived from temperature, soil moisture and humidity"
READ1966,83.76,29.74,46.0,0.1474,Do Not Irrigate,"Synthetic label derived from temperature, soil moisture and humidity"
READ1967,48.58,23.91,73.32,0.2085,Do Not Irrigate,"Synthetic label derived from temperature, soil moisture and humidity"
READ1968,38.82,32.63,81.32,0.4624,Irrigate,"Synthetic label derived from temperature, soil moisture and humidity"
READ1969,95.0,24.49,95.0,0.0,Do Not Irrigate,"Synthetic label derived from temperature, soil moisture and humidity"
READ1970,46.71,30.64,56.02,0.3607,Irrigate,"Synthetic label derived from temperature, soil moisture and humidity"
READ1971,36.52,27.81,78.43,0.3619,Irrigate,"Synthetic label derived from temperature, soil moisture and humidity"
READ1972,56.98,31.38,77.05,0.1403,Do Not Irrigate,"Synthetic label derived from temperature, soil moisture and humidity"
READ1973,63.18,27.66,65.0,0.1324,Do Not Irrigate,"Synthetic label derived from temperature, soil moisture and humidity"
READ1974,38.28,23.94,39.77,0.3807,Irrigate,"Synthetic label derived from temperature, soil moisture and humidity"
READ1975,73.63,28.4,46.92,0.1307,Do Not Irrigate,"Synthetic label derived from temperature, soil moisture and humidity"
READ1976,34.17,23.37,67.67,0.3231,Irrigate,"Synthetic label derived from temperature, soil moisture and humidity"
READ1977,70.58,28.64,64.03,0.0891,Do Not Irrigate,"Synthetic label derived from temperature, soil moisture and humidity"
READ1978,65.82,32.92,67.02,0.1647,Do Not Irrigate,"Synthetic label derived from temperature, soil moisture and humidity"
READ1979,52.03,31.71,58.95,0.2968,Irrigate,"Synthetic label derived from temperature, soil moisture and humidity"
READ1980,51.15,26.71,54.73,0.2636,Irrigate,"Synthetic label derived from temperature, soil moisture and humidity"
READ1981,73.35,34.86,47.92,0.2707,Irrigate,"Synthetic label derived from temperature, soil moisture and humidity"
READ1982,50.55,32.0,52.13,0.3417,Irrigate,"Synthetic label derived from temperature, soil moisture and humidity"
READ1983,59.39,21.58,70.3,0.1157,Do Not Irrigate,"Synthetic label derived from temperature, soil moisture and humidity"
READ1984,52.55,35.8,60.72,0.368,Irrigate,"Synthetic label derived from temperature, soil moisture and humidity"
READ1985,23.94,41.09,80.95,0.6768,Irrigate,"Synthetic label derived from temperature, soil moisture and humidity"
READ1986,27.39,30.44,45.67,0.6011,Irrigate,"Synthetic label derived from temperature, soil moisture and humidity"
READ1987,60.76,24.29,76.45,0.0745,Do Not Irrigate,"Synthetic label derived from temperature, soil moisture and humidity"
READ1988,68.66,29.04,46.01,0.1864,Do Not Irrigate,"Synthetic label derived from temperature, soil moisture and humidity"
READ1989,51.21,22.05,79.22,0.2134,Do Not Irrigate,"Synthetic label derived from temperature, soil moisture and humidity"
READ1990,54.42,39.8,64.1,0.3561,Irrigate,"Synthetic label derived from temperature, soil moisture and humidity"
READ1991,46.17,37.19,53.64,0.4747,Irrigate,"Synthetic label derived from temperature, soil moisture and humidity"
READ1992,47.17,26.7,75.36,0.2206,Do Not Irrigate,"Synthetic label derived from temperature, soil moisture and humidity"
READ1993,49.33,34.66,82.17,0.3384,Irrigate,"Synthetic label derived from temperature, soil moisture and humidity"
READ1994,45.83,26.45,63.96,0.2858,Irrigate,"Synthetic label derived from temperature, soil moisture and humidity"
READ1995,41.17,32.62,64.03,0.3611,Irrigate,"Synthetic label derived from temperature, soil moisture and humidity"
READ1996,42.0,26.48,62.13,0.3807,Irrigate,"Synthetic label derived from temperature, soil moisture and humidity"
READ1997,58.33,24.8,65.65,0.1013,Do Not Irrigate,"Synthetic label derived from temperature, soil moisture and humidity"
READ1998,59.55,31.9,77.51,0.1685,Do Not Irrigate,"Synthetic label derived from temperature, soil moisture and humidity"
READ1999,77.95,33.54,54.51,0.2603,Irrigate,"Synthetic label derived from temperature, soil moisture and humidity"
READ2000,59.58,24.82,82.83,0.1329,Do Not Irrigate,"Synthetic label derived from temperature, soil moisture and humidity"
